"Label (Grouping)","Tennessee!!Total!!Estimate","Tennessee!!Total!!Margin of Error","Tennessee!!With a disability!!Estimate","Tennessee!!With a disability!!Margin of Error","Tennessee!!Percent with a disability!!Estimate","Tennessee!!Percent with a disability!!Margin of Error","Cannon County, Tennessee!!Total!!Estimate","Cannon County, Tennessee!!Total!!Margin of Error","Cannon County, Tennessee!!With a disability!!Estimate","Cannon County, Tennessee!!With a disability!!Margin of Error","Cannon County, Tennessee!!Percent with a disability!!Estimate","Cannon County, Tennessee!!Percent with a disability!!Margin of Error","Clay County, Tennessee!!Total!!Estimate","Clay County, Tennessee!!Total!!Margin of Error","Clay County, Tennessee!!With a disability!!Estimate","Clay County, Tennessee!!With a disability!!Margin of Error","Clay County, Tennessee!!Percent with a disability!!Estimate","Clay County, Tennessee!!Percent with a disability!!Margin of Error","Cumberland County, Tennessee!!Total!!Estimate","Cumberland County, Tennessee!!Total!!Margin of Error","Cumberland County, Tennessee!!With a disability!!Estimate","Cumberland County, Tennessee!!With a disability!!Margin of Error","Cumberland County, Tennessee!!Percent with a disability!!Estimate","Cumberland County, Tennessee!!Percent with a disability!!Margin of Error","DeKalb County, Tennessee!!Total!!Estimate","DeKalb County, Tennessee!!Total!!Margin of Error","DeKalb County, Tennessee!!With a disability!!Estimate","DeKalb County, Tennessee!!With a disability!!Margin of Error","DeKalb County, Tennessee!!Percent with a disability!!Estimate","DeKalb County, Tennessee!!Percent with a disability!!Margin of Error","Fentress County, Tennessee!!Total!!Estimate","Fentress County, Tennessee!!Total!!Margin of Error","Fentress County, Tennessee!!With a disability!!Estimate","Fentress County, Tennessee!!With a disability!!Margin of Error","Fentress County, Tennessee!!Percent with a disability!!Estimate","Fentress County, Tennessee!!Percent with a disability!!Margin of Error","Jackson County, Tennessee!!Total!!Estimate","Jackson County, Tennessee!!Total!!Margin of Error","Jackson County, Tennessee!!With a disability!!Estimate","Jackson County, Tennessee!!With a disability!!Margin of Error","Jackson County, Tennessee!!Percent with a disability!!Estimate","Jackson County, Tennessee!!Percent with a disability!!Margin of Error","Macon County, Tennessee!!Total!!Estimate","Macon County, Tennessee!!Total!!Margin of Error","Macon County, Tennessee!!With a disability!!Estimate","Macon County, Tennessee!!With a disability!!Margin of Error","Macon County, Tennessee!!Percent with a disability!!Estimate","Macon County, Tennessee!!Percent with a disability!!Margin of Error","Overton County, Tennessee!!Total!!Estimate","Overton County, Tennessee!!Total!!Margin of Error","Overton County, Tennessee!!With a disability!!Estimate","Overton County, Tennessee!!With a disability!!Margin of Error","Overton County, Tennessee!!Percent with a disability!!Estimate","Overton County, Tennessee!!Percent with a disability!!Margin of Error","Pickett County, Tennessee!!Total!!Estimate","Pickett County, Tennessee!!Total!!Margin of Error","Pickett County, Tennessee!!With a disability!!Estimate","Pickett County, Tennessee!!With a disability!!Margin of Error","Pickett County, Tennessee!!Percent with a disability!!Estimate","Pickett County, Tennessee!!Percent with a disability!!Margin of Error","Putnam County, Tennessee!!Total!!Estimate","Putnam County, Tennessee!!Total!!Margin of Error","Putnam County, Tennessee!!With a disability!!Estimate","Putnam County, Tennessee!!With a disability!!Margin of Error","Putnam County, Tennessee!!Percent with a disability!!Estimate","Putnam County, Tennessee!!Percent with a disability!!Margin of Error","Smith County, Tennessee!!Total!!Estimate","Smith County, Tennessee!!Total!!Margin of Error","Smith County, Tennessee!!With a disability!!Estimate","Smith County, Tennessee!!With a disability!!Margin of Error","Smith County, Tennessee!!Percent with a disability!!Estimate","Smith County, Tennessee!!Percent with a disability!!Margin of Error","Van Buren County, Tennessee!!Total!!Estimate","Van Buren County, Tennessee!!Total!!Margin of Error","Van Buren County, Tennessee!!With a disability!!Estimate","Van Buren County, Tennessee!!With a disability!!Margin of Error","Van Buren County, Tennessee!!Percent with a disability!!Estimate","Van Buren County, Tennessee!!Percent with a disability!!Margin of Error","Warren County, Tennessee!!Total!!Estimate","Warren County, Tennessee!!Total!!Margin of Error","Warren County, Tennessee!!With a disability!!Estimate","Warren County, Tennessee!!With a disability!!Margin of Error","Warren County, Tennessee!!Percent with a disability!!Estimate","Warren County, Tennessee!!Percent with a disability!!Margin of Error","White County, Tennessee!!Total!!Estimate","White County, Tennessee!!Total!!Margin of Error","White County, Tennessee!!With a disability!!Estimate","White County, Tennessee!!With a disability!!Margin of Error","White County, Tennessee!!Percent with a disability!!Estimate","White County, Tennessee!!Percent with a disability!!Margin of Error"
"Total civilian noninstitutionalized population","6,970,655","±1,325","1,041,249","±8,879","14.9%","±0.1","14,692","±19","2,751","±305","18.7%","±2.1","7,594","±39","1,743","±306","23.0%","±4.0","63,077","±27","12,259","±966","19.4%","±1.5","20,781","±41","4,046","±447","19.5%","±2.1","19,155","±15","4,498","±566","23.5%","±3.0","11,873","±6","2,843","±342","23.9%","±2.9","25,992","±10","3,832","±458","14.7%","±1.8","22,866","±8","4,349","±621","19.0%","±2.7","5,019","±15","1,489","±206","29.7%","±4.1","81,753","±91","11,071","±848","13.5%","±1.0","20,222","±5","3,178","±347","15.7%","±1.7","6,354","±3","1,313","±222","20.7%","±3.5","41,721","±15","7,524","±601","18.0%","±1.4","27,842","±54","5,066","±557","18.2%","±2.0"
"    SEX","","","","","","","","","","","","","","","","","","","","","","","","","","","","","","","","","","","","","","","","","","","","","","","","","","","","","","","","","","","","","","","","","","","","","","","","","","","","","","","","","","","","","","","","","",""
"        Male","3,400,177","±2,098","502,972","±4,860","14.8%","±0.1","7,501","±118","1,678","±224","22.4%","±3.0","3,665","±103","821","±188","22.4%","±4.8","30,739","±268","6,687","±607","21.8%","±2.0","10,348","±180","2,166","±299","20.9%","±2.9","9,453","±174","2,493","±364","26.4%","±3.8","5,986","±85","1,457","±231","24.3%","±3.8","12,803","±178","1,881","±319","14.7%","±2.4","11,481","±96","1,840","±287","16.0%","±2.5","2,596","±61","689","±118","26.5%","±4.5","40,661","±206","5,397","±604","13.3%","±1.5","10,207","±118","1,684","±248","16.5%","±2.5","3,246","±67","578","±124","17.8%","±3.8","20,803","±237","3,706","±422","17.8%","±2.0","13,762","±205","2,496","±383","18.1%","±2.8"
"        Female","3,570,478","±1,779","538,277","±5,867","15.1%","±0.2","7,191","±116","1,073","±162","14.9%","±2.3","3,929","±86","922","±181","23.5%","±4.7","32,338","±269","5,572","±579","17.2%","±1.8","10,433","±181","1,880","±297","18.0%","±2.8","9,702","±174","2,005","±328","20.7%","±3.4","5,887","±85","1,386","±213","23.5%","±3.7","13,189","±180","1,951","±266","14.8%","±2.0","11,385","±96","2,509","±415","22.0%","±3.6","2,423","±57","800","±146","33.0%","±6.0","41,092","±176","5,674","±549","13.8%","±1.3","10,015","±118","1,494","±233","14.9%","±2.3","3,108","±67","735","±152","23.6%","±5.0","20,918","±236","3,818","±424","18.3%","±2.0","14,080","±193","2,570","±356","18.3%","±2.4"
"    RACE AND HISPANIC OR LATINO ORIGIN","","","","","","","","","","","","","","","","","","","","","","","","","","","","","","","","","","","","","","","","","","","","","","","","","","","","","","","","","","","","","","","","","","","","","","","","","","","","","","","","","","","","","","","","","",""
"        White alone","5,055,723","±6,251","803,348","±7,602","15.9%","±0.2","13,727","±128","2,684","±300","19.6%","±2.2","7,159","±46","1,541","±262","21.5%","±3.7","59,203","±380","11,705","±923","19.8%","±1.6","18,334","±213","3,763","±416","20.5%","±2.3","18,211","±217","4,158","±539","22.8%","±3.0","11,045","±142","2,665","±337","24.1%","±3.1","23,089","±145","3,640","±435","15.8%","±1.9","21,697","±151","4,082","±617","18.8%","±2.8","4,785","±71","1,468","±208","30.7%","±4.3","70,925","±492","9,961","±742","14.0%","±1.1","18,288","±205","2,997","±330","16.4%","±1.8","6,015","±12","1,259","±209","20.9%","±3.5","35,688","±373","6,546","±499","18.3%","±1.4","25,766","±220","4,695","±517","18.2%","±2.0"
"        Black or African American alone","1,073,417","±4,595","152,577","±3,541","14.2%","±0.3","330","±159","2","±5","0.6%","±1.7","248","±96","112","±68","45.2%","±34.6","500","±179","75","±61","15.0%","±10.8","284","±89","89","±61","31.3%","±20.7","11","±14","4","±8","36.4%","±53.5","24","±20","0","±22","0.0%","±71.2","139","±108","10","±17","7.2%","±14.4","288","±71","117","±61","40.6%","±19.0","4","±7","0","±20","0.0%","±100.0","1,932","±222","183","±98","9.5%","±5.1","362","±96","71","±63","19.6%","±18.8","11","±17","0","±20","0.0%","±100.0","1,058","±295","465","±240","44.0%","±21.9","279","±78","166","±83","59.5%","±28.2"
"        American Indian and Alaska Native alone","18,896","±2,165","3,126","±426","16.5%","±2.2","26","±31","0","±22","0.0%","±68.4","20","±31","0","±20","0.0%","±78.0","49","±33","30","±26","61.2%","±30.9","58","±40","3","±8","5.2%","±14.7","0","±22","0","±22","-","**","19","±33","0","±22","0.0%","±80.1","7","±11","5","±9","71.4%","±71.4","28","±21","9","±10","32.1%","±34.8","5","±9","0","±20","0.0%","±100.0","213","±223","12","±15","5.6%","±8.9","32","±41","5","±9","15.6%","±38.7","9","±17","0","±20","0.0%","±100.0","323","±278","136","±137","42.1%","±30.3","130","±133","43","±59","33.1%","±41.6"
"        Asian alone","134,187","±2,281","9,925","±888","7.4%","±0.6","0","±22","0","±22","-","**","41","±40","1","±3","2.4%","±9.9","221","±199","52","±80","23.5%","±19.9","231","±52","1","±5","0.4%","±2.2","42","±37","0","±22","0.0%","±53.8","0","±22","0","±22","-","**","46","±39","23","±28","50.0%","±50.0","56","±60","7","±14","12.5%","±26.0","0","±20","0","±20","-","**","946","±182","91","±57","9.6%","±6.3","91","±44","0","±26","0.0%","±36.4","8","±12","0","±20","0.0%","±100.0","240","±207","17","±30","7.1%","±11.8","124","±120","0","±26","0.0%","±29.6"
"        Native Hawaiian and Other Pacific Islander alone","5,490","±1,044","554","±213","10.1%","±3.8","0","±22","0","±22","-","**","0","±20","0","±20","-","**","178","±294","0","±33","0.0%","±22.1","0","±26","0","±26","-","**","10","±18","0","±22","0.0%","±100.0","4","±6","0","±22","0.0%","±100.0","0","±26","0","±26","-","**","8","±20","0","±26","0.0%","±100.0","0","±20","0","±20","-","**","0","±33","0","±33","-","**","39","±51","0","±26","0.0%","±55.9","0","±20","0","±20","-","**","99","±112","36","±61","36.4%","±56.6","46","±66","0","±26","0.0%","±51.5"
"        Some other race alone","192,737","±5,124","14,153","±1,083","7.3%","±0.5","135","±87","19","±27","14.1%","±21.9","0","±20","0","±20","-","**","459","±279","64","±66","13.9%","±13.9","920","±333","79","±70","8.6%","±7.6","38","±62","4","±9","10.5%","±28.8","63","±82","0","±22","0.0%","±44.0","426","±221","18","±32","4.2%","±7.4","181","±150","14","±16","7.7%","±3.7","55","±24","0","±20","0.0%","±47.1","2,817","±690","193","±124","6.9%","±4.4","267","±157","0","±26","0.0%","±15.5","110","±34","12","±22","10.9%","±21.5","1,144","±526","52","±59","4.5%","±5.5","202","±124","0","±26","0.0%","±19.8"
"        Two or more races","490,205","±7,752","57,566","±2,347","11.7%","±0.5","474","±192","46","±39","9.7%","±7.1","126","±90","89","±74","70.6%","±24.3","2,467","±399","333","±90","13.5%","±4.3","954","±311","111","±46","11.6%","±5.0","843","±235","332","±205","39.4%","±15.6","718","±180","178","±97","24.8%","±11.5","2,285","±285","136","±90","6.0%","±3.9","608","±160","120","±43","19.7%","±7.4","170","±72","21","±11","12.4%","±9.3","4,920","±804","631","±218","12.8%","±4.1","1,143","±238","105","±64","9.2%","±5.8","201","±48","42","±38","20.9%","±18.2","3,169","±704","272","±126","8.6%","±4.1","1,295","±253","162","±86","12.5%","±6.7"
"        White alone, not Hispanic or Latino","4,959,086","±3,764","794,084","±7,490","16.0%","±0.2","13,512","±65","2,684","±300","19.9%","±2.2","7,141","±29","1,534","±263","21.5%","±3.7","58,601","±178","11,653","±912","19.9%","±1.6","18,124","±94","3,733","±416","20.6%","±2.3","18,050","±204","4,148","±544","23.0%","±3.0","10,970","±140","2,645","±335","24.1%","±3.1","23,063","±119","3,629","±433","15.7%","±1.9","21,573","±111","4,082","±617","18.9%","±2.8","4,770","±70","1,468","±208","30.8%","±4.3","69,507","±305","9,682","±722","13.9%","±1.0","18,230","±201","2,974","±330","16.3%","±1.8","6,015","±12","1,259","±209","20.9%","±3.5","34,773","±112","6,470","±504","18.6%","±1.4","25,561","±157","4,658","±500","18.2%","±2.0"
"        Hispanic or Latino (of any race)","518,759","±509","41,008","±1,754","7.9%","±0.3","446","±20","15","±36","3.4%","±8.1","18","±34","7","±13","38.9%","±26.5","2,250","±3","224","±95","10.0%","±4.2","1,620","±7","105","±78","6.5%","±4.8","408","±11","18","±31","4.4%","±7.6","342","±22","64","±66","18.7%","±19.3","1,833","±9","29","±46","1.6%","±2.5","503","±23","16","±15","3.2%","±3.1","105","±6","0","±20","0.0%","±33.3","6,905","±19","642","±300","9.3%","±4.3","629","±20","41","±36","6.5%","±5.7","144","±20","12","±22","8.3%","±15.0","4,199","±2","372","±145","8.9%","±3.5","909","±4","80","±96","8.8%","±10.6"
"    AGE","","","","","","","","","","","","","","","","","","","","","","","","","","","","","","","","","","","","","","","","","","","","","","","","","","","","","","","","","","","","","","","","","","","","","","","","","","","","","","","","","","","","","","","","","",""
"        Under 5 years","410,887","±876","3,348","±607","0.8%","±0.1","857","±72","11","±18","1.3%","±2.0","323","±20","0","±20","0.0%","±13.0","2,710","±162","0","±33","0.0%","±1.6","1,534","±108","29","±37","1.9%","±2.4","1,031","±53","0","±22","0.0%","±4.3","548","±44","23","±37","4.2%","±6.8","1,658","±33","0","±26","0.0%","±2.7","1,150","±20","0","±26","0.0%","±3.8","206","±6","0","±20","0.0%","±19.5","4,526","±101","26","±31","0.6%","±0.7","1,114","±76","0","±26","0.0%","±4.0","345","±26","0","±20","0.0%","±12.2","2,483","±109","43","±42","1.7%","±1.7","1,536","±123","0","±26","0.0%","±2.9"
"        5 to 17 years","1,153,988","±989","76,910","±2,643","6.7%","±0.2","2,515","±142","107","±61","4.3%","±2.5","1,120","±42","64","±58","5.7%","±5.1","7,899","±154","511","±160","6.5%","±2.0","2,999","±106","108","±73","3.6%","±2.4","2,898","±51","484","±232","16.7%","±8.0","1,652","±54","140","±76","8.5%","±4.6","4,925","±71","210","±85","4.3%","±1.7","3,608","±34","393","±175","10.9%","±4.8","672","±36","179","±87","26.6%","±13.2","12,646","±101","612","±203","4.8%","±1.6","3,452","±89","236","±122","6.8%","±3.6","958","±43","77","±52","8.0%","±5.4","7,335","±122","428","±191","5.8%","±2.6","4,560","±123","117","±75","2.6%","±1.6"
"        18 to 34 years","1,574,502","±1,966","133,857","±3,754","8.5%","±0.2","2,958","±138","355","±117","12.0%","±3.9","1,022","±102","114","±80","11.2%","±7.8","9,673","±143","987","±260","10.2%","±2.7","4,242","±173","331","±150","7.8%","±3.5","3,402","±101","503","±169","14.8%","±4.9","2,184","±94","306","±114","14.0%","±5.1","5,374","±144","443","±184","8.2%","±3.4","4,568","±85","388","±139","8.5%","±3.1","705","±44","77","±77","10.9%","±11.2","23,049","±299","1,934","±434","8.4%","±1.8","4,084","±93","434","±146","10.6%","±3.6","1,103","±43","57","±36","5.2%","±3.3","8,606","±216","1,026","±234","11.9%","±2.8","5,298","±157","446","±166","8.4%","±3.1"
"        35 to 64 years","2,651,599","±2,194","399,987","±4,950","15.1%","±0.2","5,801","±100","1,224","±245","21.1%","±4.3","3,226","±108","699","±210","21.7%","±6.4","22,444","±171","4,123","±524","18.4%","±2.4","8,169","±176","1,954","±357","23.9%","±4.4","7,375","±95","1,644","±358","22.3%","±4.8","4,745","±71","1,370","±247","28.9%","±5.2","10,057","±146","1,750","±325","17.4%","±3.3","8,875","±98","1,542","±307","17.4%","±3.5","2,052","±58","584","±118","28.5%","±5.7","28,228","±325","3,919","±511","13.9%","±1.8","8,234","±100","1,255","±195","15.2%","±2.4","2,445","±53","580","±170","23.7%","±6.9","15,959","±281","3,184","±370","20.0%","±2.3","10,582","±164","1,853","±282","17.5%","±2.7"
"        65 to 74 years","721,012","±1,279","199,795","±3,384","27.7%","±0.5","1,566","±28","447","±134","28.5%","±8.6","1,094","±38","355","±110","32.4%","±10.4","11,918","±158","3,122","±354","26.2%","±3.0","2,409","±97","752","±160","31.2%","±6.6","2,699","±63","910","±195","33.7%","±7.4","1,742","±37","511","±164","29.3%","±9.4","2,443","±31","736","±195","30.1%","±8.0","2,884","±72","1,113","±199","38.6%","±6.8","794","±5","318","±93","40.1%","±11.7","8,117","±118","2,045","±285","25.2%","±3.5","2,081","±33","647","±110","31.1%","±5.1","907","±25","377","±82","41.6%","±9.2","4,450","±142","1,340","±226","30.1%","±4.7","3,614","±102","1,323","±290","36.6%","±7.7"
"        75 years and over","458,667","±1,041","227,352","±2,714","49.6%","±0.6","995","±16","607","±94","61.0%","±9.4","809","±41","511","±109","63.2%","±12.7","8,433","±111","3,516","±451","41.7%","±5.2","1,428","±53","872","±123","61.1%","±8.5","1,750","±41","957","±171","54.7%","±9.9","1,002","±33","493","±98","49.2%","±9.9","1,535","±58","693","±157","45.1%","±10.0","1,781","±42","913","±203","51.3%","±11.2","590","±24","331","±59","56.1%","±10.0","5,187","±129","2,535","±250","48.9%","±4.8","1,257","±40","606","±101","48.2%","±8.0","596","±61","222","±59","37.2%","±9.2","2,888","±115","1,503","±214","52.0%","±6.8","2,252","±97","1,327","±173","58.9%","±7.8"
"    DISABILITY TYPE BY DETAILED AGE","","","","","","","","","","","","","","","","","","","","","","","","","","","","","","","","","","","","","","","","","","","","","","","","","","","","","","","","","","","","","","","","","","","","","","","","","","","","","","","","","","","","","","","","","",""
"        With a hearing difficulty","(X)","(X)","291,306","±4,299","4.2%","±0.1","(X)","(X)","956","±188","6.5%","±1.3","(X)","(X)","408","±120","5.4%","±1.6","(X)","(X)","4,246","±488","6.7%","±0.8","(X)","(X)","1,288","±267","6.2%","±1.3","(X)","(X)","1,531","±287","8.0%","±1.5","(X)","(X)","809","±207","6.8%","±1.7","(X)","(X)","1,408","±291","5.4%","±1.1","(X)","(X)","1,242","±266","5.4%","±1.2","(X)","(X)","452","±110","9.0%","±2.2","(X)","(X)","3,125","±419","3.8%","±0.5","(X)","(X)","838","±147","4.1%","±0.7","(X)","(X)","507","±124","8.0%","±1.9","(X)","(X)","1,670","±271","4.0%","±0.6","(X)","(X)","1,693","±303","6.1%","±1.1"
"            Population under 18 years","1,564,875","±545","8,579","±960","0.5%","±0.1","3,372","±110","11","±18","0.3%","±0.5","1,443","±42","0","±20","0.0%","±3.1","10,609","±45","0","±33","0.0%","±0.4","4,533","±63","23","±36","0.5%","±0.8","3,929","±29","130","±109","3.3%","±2.8","2,200","±68","14","±22","0.6%","±1.0","6,583","±64","32","±40","0.5%","±0.6","4,758","±29","29","±32","0.6%","±0.7","878","±39","0","±20","0.0%","±5.0","17,172","±35","45","±38","0.3%","±0.2","4,566","±44","7","±10","0.2%","±0.2","1,303","±31","0","±20","0.0%","±3.4","9,818","±46","96","±86","1.0%","±0.9","6,096","±40","2","±4","0.0%","±0.1"
"                Population under 5 years","410,887","±876","2,078","±474","0.5%","±0.1","857","±72","11","±18","1.3%","±2.0","323","±20","0","±20","0.0%","±13.0","2,710","±162","0","±33","0.0%","±1.6","1,534","±108","23","±36","1.5%","±2.3","1,031","±53","0","±22","0.0%","±4.3","548","±44","0","±22","0.0%","±7.9","1,658","±33","0","±26","0.0%","±2.7","1,150","±20","0","±26","0.0%","±3.8","206","±6","0","±20","0.0%","±19.5","4,526","±101","26","±31","0.6%","±0.7","1,114","±76","0","±26","0.0%","±4.0","345","±26","0","±20","0.0%","±12.2","2,483","±109","35","±41","1.4%","±1.6","1,536","±123","0","±26","0.0%","±2.9"
"                Population 5 to 17 years","1,153,988","±989","6,501","±906","0.6%","±0.1","2,515","±142","0","±22","0.0%","±1.8","1,120","±42","0","±20","0.0%","±3.9","7,899","±154","0","±33","0.0%","±0.6","2,999","±106","0","±26","0.0%","±1.5","2,898","±51","130","±109","4.5%","±3.8","1,652","±54","14","±22","0.8%","±1.3","4,925","±71","32","±40","0.6%","±0.8","3,608","±34","29","±32","0.8%","±0.9","672","±36","0","±20","0.0%","±6.5","12,646","±101","19","±25","0.2%","±0.2","3,452","±89","7","±10","0.2%","±0.3","958","±43","0","±20","0.0%","±4.6","7,335","±122","61","±72","0.8%","±1.0","4,560","±123","2","±4","0.0%","±0.1"
"            Population 18 to 64 years","4,226,101","±1,859","103,555","±3,027","2.5%","±0.1","8,759","±111","384","±131","4.4%","±1.5","4,248","±61","100","±59","2.4%","±1.4","32,117","±153","931","±229","2.9%","±0.7","12,411","±126","481","±222","3.9%","±1.8","10,777","±57","415","±185","3.9%","±1.7","6,929","±74","302","±156","4.4%","±2.2","15,431","±110","549","±212","3.6%","±1.4","13,443","±87","407","±144","3.0%","±1.1","2,757","±44","111","±58","4.0%","±2.1","51,277","±179","1,141","±326","2.2%","±0.6","12,318","±65","273","±85","2.2%","±0.7","3,548","±53","141","±80","4.0%","±2.3","24,565","±170","488","±186","2.0%","±0.8","15,880","±118","414","±123","2.6%","±0.8"
"                Population 18 to 34 years","1,574,502","±1,966","17,348","±1,091","1.1%","±0.1","2,958","±138","14","±17","0.5%","±0.6","1,022","±102","0","±20","0.0%","±4.3","9,673","±143","34","±30","0.4%","±0.3","4,242","±173","6","±14","0.1%","±0.3","3,402","±101","26","±50","0.8%","±1.5","2,184","±94","40","±40","1.8%","±1.8","5,374","±144","69","±83","1.3%","±1.5","4,568","±85","47","±43","1.0%","±0.9","705","±44","2","±3","0.3%","±0.5","23,049","±299","99","±76","0.4%","±0.3","4,084","±93","43","±41","1.1%","±1.0","1,103","±43","0","±20","0.0%","±4.0","8,606","±216","65","±65","0.8%","±0.8","5,298","±157","44","±48","0.8%","±0.9"
"                Population 35 to 64 years","2,651,599","±2,194","86,207","±2,823","3.3%","±0.1","5,801","±100","370","±137","6.4%","±2.4","3,226","±108","100","±59","3.1%","±1.8","22,444","±171","897","±220","4.0%","±1.0","8,169","±176","475","±221","5.8%","±2.7","7,375","±95","389","±188","5.3%","±2.5","4,745","±71","262","±149","5.5%","±3.1","10,057","±146","480","±199","4.8%","±2.0","8,875","±98","360","±138","4.1%","±1.6","2,052","±58","109","±58","5.3%","±2.8","28,228","±325","1,042","±315","3.7%","±1.1","8,234","±100","230","±73","2.8%","±0.9","2,445","±53","141","±80","5.8%","±3.3","15,959","±281","423","±172","2.7%","±1.1","10,582","±164","370","±114","3.5%","±1.1"
"            Population 65 years and over","1,179,679","±1,181","179,172","±2,844","15.2%","±0.2","2,561","±30","561","±121","21.9%","±4.7","1,903","±41","308","±103","16.2%","±5.4","20,351","±147","3,315","±364","16.3%","±1.8","3,837","±114","784","±152","20.4%","±4.0","4,449","±61","986","±173","22.2%","±3.9","2,744","±32","493","±132","18.0%","±4.8","3,978","±84","827","±248","20.8%","±6.2","4,665","±74","806","±207","17.3%","±4.4","1,384","±28","341","±91","24.6%","±6.5","13,304","±147","1,939","±305","14.6%","±2.3","3,338","±46","558","±118","16.7%","±3.5","1,503","±45","366","±99","24.4%","±6.4","7,338","±179","1,086","±185","14.8%","±2.5","5,866","±97","1,277","±275","21.8%","±4.7"
"                Population 65 to 74 years","721,012","±1,279","71,940","±1,841","10.0%","±0.3","1,566","±28","243","±100","15.5%","±6.4","1,094","±38","138","±64","12.6%","±5.9","11,918","±158","1,353","±221","11.4%","±1.9","2,409","±97","348","±126","14.4%","±5.1","2,699","±63","400","±140","14.8%","±5.2","1,742","±37","166","±84","9.5%","±4.9","2,443","±31","383","±173","15.7%","±7.1","2,884","±72","345","±111","12.0%","±3.9","794","±5","119","±56","15.0%","±7.1","8,117","±118","689","±200","8.5%","±2.4","2,081","±33","348","±106","16.7%","±5.0","907","±25","239","±82","26.4%","±9.1","4,450","±142","433","±126","9.7%","±2.8","3,614","±102","567","±193","15.7%","±5.3"
"                Population 75 years and over","458,667","±1,041","107,232","±1,997","23.4%","±0.4","995","±16","318","±84","32.0%","±8.5","809","±41","170","±79","21.0%","±9.7","8,433","±111","1,962","±277","23.3%","±3.2","1,428","±53","436","±95","30.5%","±7.0","1,750","±41","586","±148","33.5%","±8.5","1,002","±33","327","±84","32.6%","±8.3","1,535","±58","444","±167","28.9%","±10.8","1,781","±42","461","±154","25.9%","±8.6","590","±24","222","±71","37.6%","±11.8","5,187","±129","1,250","±237","24.1%","±4.5","1,257","±40","210","±75","16.7%","±6.0","596","±61","127","±47","21.3%","±7.5","2,888","±115","653","±187","22.6%","±6.5","2,252","±97","710","±198","31.5%","±8.9"
"        With a vision difficulty","(X)","(X)","210,550","±4,700","3.0%","±0.1","(X)","(X)","404","±133","2.7%","±0.9","(X)","(X)","407","±157","5.4%","±2.1","(X)","(X)","2,615","±409","4.1%","±0.6","(X)","(X)","1,098","±305","5.3%","±1.5","(X)","(X)","838","±302","4.4%","±1.6","(X)","(X)","701","±222","5.9%","±1.9","(X)","(X)","897","±261","3.5%","±1.0","(X)","(X)","1,038","±252","4.5%","±1.1","(X)","(X)","213","±84","4.2%","±1.7","(X)","(X)","1,839","±366","2.2%","±0.4","(X)","(X)","821","±194","4.1%","±1.0","(X)","(X)","428","±145","6.7%","±2.3","(X)","(X)","1,534","±365","3.7%","±0.9","(X)","(X)","1,161","±284","4.2%","±1.0"
"            Population under 18 years","1,564,875","±545","16,020","±1,259","1.0%","±0.1","3,372","±110","29","±27","0.9%","±0.8","1,443","±42","0","±20","0.0%","±3.1","10,609","±45","103","±67","1.0%","±0.6","4,533","±63","8","±8","0.2%","±0.2","3,929","±29","206","±133","5.2%","±3.4","2,200","±68","40","±49","1.8%","±2.2","6,583","±64","17","±30","0.3%","±0.5","4,758","±29","23","±19","0.5%","±0.4","878","±39","3","±6","0.3%","±0.7","17,172","±35","30","±34","0.2%","±0.2","4,566","±44","84","±69","1.8%","±1.5","1,303","±31","56","±57","4.3%","±4.4","9,818","±46","98","±89","1.0%","±0.9","6,096","±40","41","±52","0.7%","±0.8"
"                Population under 5 years","410,887","±876","2,047","±490","0.5%","±0.1","857","±72","0","±22","0.0%","±5.1","323","±20","0","±20","0.0%","±13.0","2,710","±162","0","±33","0.0%","±1.6","1,534","±108","6","±7","0.4%","±0.5","1,031","±53","0","±22","0.0%","±4.3","548","±44","23","±37","4.2%","±6.8","1,658","±33","0","±26","0.0%","±2.7","1,150","±20","0","±26","0.0%","±3.8","206","±6","0","±20","0.0%","±19.5","4,526","±101","0","±33","0.0%","±1.0","1,114","±76","0","±26","0.0%","±4.0","345","±26","0","±20","0.0%","±12.2","2,483","±109","8","±14","0.3%","±0.6","1,536","±123","0","±26","0.0%","±2.9"
"                Population 5 to 17 years","1,153,988","±989","13,973","±1,170","1.2%","±0.1","2,515","±142","29","±27","1.2%","±1.1","1,120","±42","0","±20","0.0%","±3.9","7,899","±154","103","±67","1.3%","±0.8","2,999","±106","2","±6","0.1%","±0.2","2,898","±51","206","±133","7.1%","±4.6","1,652","±54","17","±26","1.0%","±1.6","4,925","±71","17","±30","0.3%","±0.6","3,608","±34","23","±19","0.6%","±0.5","672","±36","3","±6","0.4%","±0.9","12,646","±101","30","±34","0.2%","±0.3","3,452","±89","84","±69","2.4%","±2.0","958","±43","56","±57","5.8%","±6.0","7,335","±122","90","±88","1.2%","±1.2","4,560","±123","41","±52","0.9%","±1.1"
"            Population 18 to 64 years","4,226,101","±1,859","111,764","±3,407","2.6%","±0.1","8,759","±111","193","±100","2.2%","±1.1","4,248","±61","231","±119","5.4%","±2.8","32,117","±153","1,336","±328","4.2%","±1.0","12,411","±126","844","±275","6.8%","±2.2","10,777","±57","376","±198","3.5%","±1.8","6,929","±74","435","±192","6.3%","±2.8","15,431","±110","545","±210","3.5%","±1.4","13,443","±87","497","±182","3.7%","±1.4","2,757","±44","126","±71","4.6%","±2.6","51,277","±179","1,066","±305","2.1%","±0.6","12,318","±65","468","±139","3.8%","±1.1","3,548","±53","193","±97","5.4%","±2.7","24,565","±170","767","±238","3.1%","±1.0","15,880","±118","741","±255","4.7%","±1.6"
"                Population 18 to 34 years","1,574,502","±1,966","26,748","±1,836","1.7%","±0.1","2,958","±138","79","±65","2.7%","±2.2","1,022","±102","42","±42","4.1%","±4.1","9,673","±143","350","±203","3.6%","±2.1","4,242","±173","144","±123","3.4%","±2.9","3,402","±101","56","±54","1.6%","±1.6","2,184","±94","60","±63","2.7%","±2.8","5,374","±144","203","±141","3.8%","±2.6","4,568","±85","22","±28","0.5%","±0.6","705","±44","0","±20","0.0%","±6.2","23,049","±299","244","±124","1.1%","±0.5","4,084","±93","163","±91","4.0%","±2.2","1,103","±43","11","±15","1.0%","±1.4","8,606","±216","213","±133","2.5%","±1.6","5,298","±157","125","±87","2.4%","±1.6"
"                Population 35 to 64 years","2,651,599","±2,194","85,016","±2,856","3.2%","±0.1","5,801","±100","114","±78","2.0%","±1.3","3,226","±108","189","±98","5.9%","±3.0","22,444","±171","986","±281","4.4%","±1.3","8,169","±176","700","±245","8.6%","±3.0","7,375","±95","320","±188","4.3%","±2.5","4,745","±71","375","±189","7.9%","±4.0","10,057","±146","342","±173","3.4%","±1.7","8,875","±98","475","±182","5.4%","±2.1","2,052","±58","126","±71","6.1%","±3.4","28,228","±325","822","±274","2.9%","±1.0","8,234","±100","305","±98","3.7%","±1.2","2,445","±53","182","±98","7.4%","±4.0","15,959","±281","554","±170","3.5%","±1.1","10,582","±164","616","±232","5.8%","±2.2"
"            Population 65 years and over","1,179,679","±1,181","82,766","±2,540","7.0%","±0.2","2,561","±30","182","±70","7.1%","±2.7","1,903","±41","176","±92","9.2%","±4.9","20,351","±147","1,176","±251","5.8%","±1.2","3,837","±114","246","±93","6.4%","±2.4","4,449","±61","256","±110","5.8%","±2.5","2,744","±32","226","±102","8.2%","±3.7","3,978","±84","335","±143","8.4%","±3.6","4,665","±74","518","±156","11.1%","±3.4","1,384","±28","84","±43","6.1%","±3.1","13,304","±147","743","±216","5.6%","±1.6","3,338","±46","269","±99","8.1%","±3.0","1,503","±45","179","±85","11.9%","±5.7","7,338","±179","669","±180","9.1%","±2.4","5,866","±97","379","±152","6.5%","±2.6"
"                Population 65 to 74 years","721,012","±1,279","37,253","±1,857","5.2%","±0.3","1,566","±28","103","±60","6.6%","±3.9","1,094","±38","97","±58","8.9%","±5.4","11,918","±158","594","±207","5.0%","±1.7","2,409","±97","104","±58","4.3%","±2.4","2,699","±63","122","±72","4.5%","±2.7","1,742","±37","113","±75","6.5%","±4.3","2,443","±31","109","±70","4.5%","±2.9","2,884","±72","291","±104","10.1%","±3.7","794","±5","30","±24","3.8%","±3.0","8,117","±118","401","±182","4.9%","±2.2","2,081","±33","188","±86","9.0%","±4.1","907","±25","120","±81","13.2%","±8.9","4,450","±142","285","±129","6.4%","±2.9","3,614","±102","104","±60","2.9%","±1.6"
"                Population 75 years and over","458,667","±1,041","45,513","±1,662","9.9%","±0.4","995","±16","79","±41","7.9%","±4.1","809","±41","79","±61","9.8%","±7.5","8,433","±111","582","±145","6.9%","±1.7","1,428","±53","142","±75","9.9%","±5.2","1,750","±41","134","±78","7.7%","±4.4","1,002","±33","113","±77","11.3%","±7.8","1,535","±58","226","±127","14.7%","±8.3","1,781","±42","227","±114","12.7%","±6.4","590","±24","54","±36","9.2%","±6.1","5,187","±129","342","±130","6.6%","±2.5","1,257","±40","81","±50","6.4%","±3.9","596","±61","59","±35","9.9%","±5.7","2,888","±115","384","±113","13.3%","±3.8","2,252","±97","275","±124","12.2%","±5.6"
"        With a cognitive difficulty","(X)","(X)","406,533","±6,306","6.2%","±0.1","(X)","(X)","1,134","±289","8.2%","±2.1","(X)","(X)","779","±203","10.7%","±2.8","(X)","(X)","4,509","±650","7.5%","±1.1","(X)","(X)","1,452","±287","7.5%","±1.5","(X)","(X)","1,542","±304","8.5%","±1.7","(X)","(X)","1,030","±197","9.1%","±1.7","(X)","(X)","1,528","±318","6.3%","±1.3","(X)","(X)","1,459","±317","6.7%","±1.5","(X)","(X)","658","±189","13.7%","±3.9","(X)","(X)","4,265","±670","5.5%","±0.9","(X)","(X)","1,108","±252","5.8%","±1.3","(X)","(X)","270","±97","4.5%","±1.6","(X)","(X)","3,393","±464","8.6%","±1.2","(X)","(X)","1,452","±295","5.5%","±1.1"
"            Population under 18 years","1,153,988","±989","59,623","±2,310","5.2%","±0.2","2,515","±142","78","±61","3.1%","±2.5","1,120","±42","61","±58","5.4%","±5.0","7,899","±154","479","±158","6.1%","±2.0","2,999","±106","95","±68","3.2%","±2.3","2,898","±51","214","±109","7.4%","±3.7","1,652","±54","109","±67","6.6%","±4.0","4,925","±71","182","±81","3.7%","±1.7","3,608","±34","333","±158","9.2%","±4.4","672","±36","176","±87","26.2%","±13.2","12,646","±101","569","±201","4.5%","±1.6","3,452","±89","159","±86","4.6%","±2.5","958","±43","21","±30","2.2%","±3.2","7,335","±122","315","±174","4.3%","±2.4","4,560","±123","108","±73","2.4%","±1.6"
"            Population 18 to 64 years","4,226,101","±1,859","243,024","±4,774","5.8%","±0.1","8,759","±111","804","±274","9.2%","±3.1","4,248","±61","417","±140","9.8%","±3.3","32,117","±153","2,400","±474","7.5%","±1.5","12,411","±126","733","±188","5.9%","±1.5","10,777","±57","856","±212","7.9%","±2.0","6,929","±74","650","±171","9.4%","±2.4","15,431","±110","912","±253","5.9%","±1.6","13,443","±87","748","±185","5.6%","±1.4","2,757","±44","347","±122","12.6%","±4.5","51,277","±179","2,680","±486","5.2%","±0.9","12,318","±65","705","±212","5.7%","±1.7","3,548","±53","199","±90","5.6%","±2.5","24,565","±170","2,434","±394","9.9%","±1.6","15,880","±118","897","±216","5.6%","±1.4"
"                Population 18 to 34 years","1,574,502","±1,966","86,781","±3,138","5.5%","±0.2","2,958","±138","255","±107","8.6%","±3.6","1,022","±102","62","±59","6.1%","±5.7","9,673","±143","658","±248","6.8%","±2.6","4,242","±173","162","±93","3.8%","±2.1","3,402","±101","304","±110","8.9%","±3.3","2,184","±94","97","±72","4.4%","±3.3","5,374","±144","198","±125","3.7%","±2.3","4,568","±85","229","±94","5.0%","±2.1","705","±44","69","±75","9.8%","±10.8","23,049","±299","1,281","±351","5.6%","±1.5","4,084","±93","176","±89","4.3%","±2.2","1,103","±43","42","±34","3.8%","±3.1","8,606","±216","739","±201","8.6%","±2.3","5,298","±157","315","±118","5.9%","±2.2"
"                Population 35 to 64 years","2,651,599","±2,194","156,243","±3,340","5.9%","±0.1","5,801","±100","549","±218","9.5%","±3.8","3,226","±108","355","±146","11.0%","±4.5","22,444","±171","1,742","±414","7.8%","±1.8","8,169","±176","571","±174","7.0%","±2.1","7,375","±95","552","±172","7.5%","±2.4","4,745","±71","553","±163","11.7%","±3.4","10,057","±146","714","±223","7.1%","±2.2","8,875","±98","519","±139","5.8%","±1.6","2,052","±58","278","±97","13.5%","±4.8","28,228","±325","1,399","±310","5.0%","±1.1","8,234","±100","529","±184","6.4%","±2.2","2,445","±53","157","±85","6.4%","±3.4","15,959","±281","1,695","±323","10.6%","±2.0","10,582","±164","582","±194","5.5%","±1.8"
"            Population 65 years and over","1,179,679","±1,181","103,886","±2,625","8.8%","±0.2","2,561","±30","252","±87","9.8%","±3.4","1,903","±41","301","±107","15.8%","±5.7","20,351","±147","1,630","±458","8.0%","±2.2","3,837","±114","624","±176","16.3%","±4.6","4,449","±61","472","±145","10.6%","±3.2","2,744","±32","271","±104","9.9%","±3.8","3,978","±84","434","±201","10.9%","±5.1","4,665","±74","378","±133","8.1%","±2.8","1,384","±28","135","±63","9.8%","±4.6","13,304","±147","1,016","±216","7.6%","±1.6","3,338","±46","244","±91","7.3%","±2.7","1,503","±45","50","±28","3.3%","±1.9","7,338","±179","644","±183","8.8%","±2.4","5,866","±97","447","±171","7.6%","±2.9"
"                Population 65 to 74 years","721,012","±1,279","42,497","±1,738","5.9%","±0.2","1,566","±28","131","±74","8.4%","±4.7","1,094","±38","126","±60","11.5%","±5.5","11,918","±158","561","±236","4.7%","±2.0","2,409","±97","232","±119","9.6%","±5.0","2,699","±63","144","±65","5.3%","±2.4","1,742","±37","153","±90","8.8%","±5.2","2,443","±31","214","±134","8.8%","±5.5","2,884","±72","251","±109","8.7%","±3.8","794","±5","52","±34","6.5%","±4.3","8,117","±118","471","±155","5.8%","±1.9","2,081","±33","125","±69","6.0%","±3.3","907","±25","23","±20","2.5%","±2.1","4,450","±142","384","±154","8.6%","±3.4","3,614","±102","197","±113","5.5%","±3.1"
"                Population 75 years and over","458,667","±1,041","61,389","±1,716","13.4%","±0.4","995","±16","121","±60","12.2%","±6.0","809","±41","175","±91","21.6%","±11.3","8,433","±111","1,069","±413","12.7%","±4.9","1,428","±53","392","±137","27.5%","±9.6","1,750","±41","328","±132","18.7%","±7.5","1,002","±33","118","±60","11.8%","±6.1","1,535","±58","220","±139","14.3%","±9.1","1,781","±42","127","±78","7.1%","±4.4","590","±24","83","±48","14.1%","±8.2","5,187","±129","545","±137","10.5%","±2.7","1,257","±40","119","±64","9.5%","±5.0","596","±61","27","±22","4.5%","±3.5","2,888","±115","260","±88","9.0%","±2.9","2,252","±97","250","±127","11.1%","±5.7"
"        With an ambulatory difficulty","(X)","(X)","513,747","±5,380","7.8%","±0.1","(X)","(X)","1,072","±207","7.7%","±1.5","(X)","(X)","1,084","±248","14.9%","±3.4","(X)","(X)","5,806","±619","9.6%","±1.0","(X)","(X)","2,046","±285","10.6%","±1.5","(X)","(X)","2,082","±329","11.5%","±1.8","(X)","(X)","1,623","±288","14.3%","±2.5","(X)","(X)","2,051","±313","8.4%","±1.3","(X)","(X)","2,436","±448","11.2%","±2.1","(X)","(X)","768","±167","16.0%","±3.5","(X)","(X)","5,398","±498","7.0%","±0.6","(X)","(X)","1,596","±240","8.4%","±1.3","(X)","(X)","489","±114","8.1%","±1.9","(X)","(X)","3,303","±370","8.4%","±0.9","(X)","(X)","2,765","±371","10.5%","±1.4"
"            Population under 18 years","1,153,988","±989","7,786","±889","0.7%","±0.1","2,515","±142","0","±22","0.0%","±1.8","1,120","±42","47","±53","4.2%","±4.6","7,899","±154","62","±61","0.8%","±0.8","2,999","±106","11","±14","0.4%","±0.5","2,898","±51","44","±47","1.5%","±1.6","1,652","±54","0","±22","0.0%","±2.7","4,925","±71","20","±31","0.4%","±0.6","3,608","±34","68","±58","1.9%","±1.6","672","±36","26","±48","3.9%","±7.3","12,646","±101","47","±49","0.4%","±0.4","3,452","±89","0","±26","0.0%","±1.3","958","±43","0","±20","0.0%","±4.6","7,335","±122","0","±30","0.0%","±0.6","4,560","±123","0","±26","0.0%","±1.0"
"            Population 18 to 64 years","4,226,101","±1,859","234,264","±3,658","5.5%","±0.1","8,759","±111","533","±185","6.1%","±2.1","4,248","±61","538","±182","12.7%","±4.3","32,117","±153","2,102","±343","6.5%","±1.1","12,411","±126","1,121","±213","9.0%","±1.7","10,777","±57","820","±222","7.6%","±2.1","6,929","±74","924","±232","13.3%","±3.3","15,431","±110","1,165","±237","7.5%","±1.5","13,443","±87","1,063","±299","7.9%","±2.2","2,757","±44","316","±107","11.5%","±3.9","51,277","±179","2,199","±427","4.3%","±0.8","12,318","±65","836","±216","6.8%","±1.8","3,548","±53","257","±91","7.2%","±2.5","24,565","±170","1,658","±278","6.7%","±1.1","15,880","±118","1,071","±234","6.7%","±1.5"
"                Population 18 to 34 years","1,574,502","±1,966","21,913","±1,485","1.4%","±0.1","2,958","±138","85","±61","2.9%","±2.1","1,022","±102","40","±54","3.9%","±5.2","9,673","±143","162","±79","1.7%","±0.8","4,242","±173","35","±46","0.8%","±1.1","3,402","±101","21","±27","0.6%","±0.8","2,184","±94","98","±74","4.5%","±3.4","5,374","±144","150","±97","2.8%","±1.8","4,568","±85","107","±113","2.3%","±2.5","705","±44","8","±11","1.1%","±1.6","23,049","±299","349","±228","1.5%","±1.0","4,084","±93","152","±109","3.7%","±2.7","1,103","±43","10","±14","0.9%","±1.3","8,606","±216","121","±79","1.4%","±0.9","5,298","±157","98","±61","1.8%","±1.1"
"                Population 35 to 64 years","2,651,599","±2,194","212,351","±3,383","8.0%","±0.1","5,801","±100","448","±162","7.7%","±2.8","3,226","±108","498","±166","15.4%","±5.1","22,444","±171","1,940","±326","8.6%","±1.5","8,169","±176","1,086","±219","13.3%","±2.7","7,375","±95","799","±224","10.8%","±3.0","4,745","±71","826","±225","17.4%","±4.7","10,057","±146","1,015","±224","10.1%","±2.2","8,875","±98","956","±270","10.8%","±3.1","2,052","±58","308","±105","15.0%","±5.1","28,228","±325","1,850","±336","6.6%","±1.2","8,234","±100","684","±191","8.3%","±2.3","2,445","±53","247","±87","10.1%","±3.5","15,959","±281","1,537","±281","9.6%","±1.8","10,582","±164","973","±222","9.2%","±2.1"
"            Population 65 years and over","1,179,679","±1,181","271,697","±3,410","23.0%","±0.3","2,561","±30","539","±117","21.0%","±4.5","1,903","±41","499","±132","26.2%","±6.8","20,351","±147","3,642","±466","17.9%","±2.3","3,837","±114","914","±189","23.8%","±4.8","4,449","±61","1,218","±224","27.4%","±5.1","2,744","±32","699","±161","25.5%","±5.8","3,978","±84","866","±199","21.8%","±5.0","4,665","±74","1,305","±243","28.0%","±5.1","1,384","±28","426","±106","30.8%","±7.7","13,304","±147","3,152","±333","23.7%","±2.5","3,338","±46","760","±119","22.8%","±3.5","1,503","±45","232","±65","15.4%","±4.3","7,338","±179","1,645","±220","22.4%","±2.9","5,866","±97","1,694","±299","28.9%","±4.9"
"                Population 65 to 74 years","721,012","±1,279","123,950","±3,126","17.2%","±0.4","1,566","±28","206","±89","13.2%","±5.7","1,094","±38","158","±58","14.4%","±5.3","11,918","±158","1,603","±298","13.5%","±2.5","2,409","±97","329","±125","13.7%","±5.1","2,699","±63","561","±194","20.8%","±7.2","1,742","±37","332","±128","19.1%","±7.3","2,443","±31","407","±129","16.7%","±5.3","2,884","±72","680","±170","23.6%","±5.8","794","±5","217","±102","27.3%","±12.8","8,117","±118","1,418","±256","17.5%","±3.1","2,081","±33","328","±88","15.8%","±4.1","907","±25","138","±54","15.2%","±5.9","4,450","±142","851","±152","19.1%","±3.2","3,614","±102","781","±212","21.6%","±5.7"
"                Population 75 years and over","458,667","±1,041","147,747","±2,301","32.2%","±0.5","995","±16","333","±76","33.5%","±7.6","809","±41","341","±114","42.2%","±13.7","8,433","±111","2,039","±321","24.2%","±3.7","1,428","±53","585","±122","41.0%","±8.6","1,750","±41","657","±139","37.5%","±8.1","1,002","±33","367","±104","36.6%","±10.5","1,535","±58","459","±153","29.9%","±9.9","1,781","±42","625","±172","35.1%","±9.6","590","±24","209","±69","35.4%","±11.5","5,187","±129","1,734","±252","33.4%","±4.8","1,257","±40","432","±92","34.4%","±7.3","596","±61","94","±40","15.8%","±6.6","2,888","±115","794","±151","27.5%","±5.0","2,252","±97","913","±184","40.5%","±7.9"
"        With a self-care difficulty","(X)","(X)","178,713","±3,723","2.7%","±0.1","(X)","(X)","326","±124","2.4%","±0.9","(X)","(X)","342","±135","4.7%","±1.8","(X)","(X)","1,919","±345","3.2%","±0.6","(X)","(X)","515","±144","2.7%","±0.7","(X)","(X)","947","±264","5.2%","±1.5","(X)","(X)","654","±170","5.8%","±1.5","(X)","(X)","869","±248","3.6%","±1.0","(X)","(X)","837","±201","3.9%","±0.9","(X)","(X)","325","±118","6.8%","±2.5","(X)","(X)","1,504","±318","1.9%","±0.4","(X)","(X)","567","±178","3.0%","±0.9","(X)","(X)","165","±87","2.7%","±1.5","(X)","(X)","1,032","±231","2.6%","±0.6","(X)","(X)","972","±260","3.7%","±1.0"
"            Population under 18 years","1,153,988","±989","12,277","±1,094","1.1%","±0.1","2,515","±142","16","±26","0.6%","±1.1","1,120","±42","10","±17","0.9%","±1.5","7,899","±154","91","±78","1.2%","±1.0","2,999","±106","10","±11","0.3%","±0.4","2,898","±51","181","±158","6.2%","±5.4","1,652","±54","14","±18","0.8%","±1.1","4,925","±71","98","±73","2.0%","±1.5","3,608","±34","33","±36","0.9%","±1.0","672","±36","54","±48","8.0%","±7.3","12,646","±101","103","±65","0.8%","±0.5","3,452","±89","28","±29","0.8%","±0.8","958","±43","21","±30","2.2%","±3.2","7,335","±122","47","±63","0.6%","±0.9","4,560","±123","10","±22","0.2%","±0.5"
"            Population 18 to 64 years","4,226,101","±1,859","78,999","±2,678","1.9%","±0.1","8,759","±111","189","±105","2.2%","±1.2","4,248","±61","109","±76","2.6%","±1.8","32,117","±153","673","±201","2.1%","±0.6","12,411","±126","193","±76","1.6%","±0.6","10,777","±57","266","±101","2.5%","±0.9","6,929","±74","348","±145","5.0%","±2.1","15,431","±110","413","±171","2.7%","±1.1","13,443","±87","375","±141","2.8%","±1.0","2,757","±44","186","±96","6.7%","±3.5","51,277","±179","468","±184","0.9%","±0.4","12,318","±65","360","±162","2.9%","±1.3","3,548","±53","38","±31","1.1%","±0.9","24,565","±170","573","±208","2.3%","±0.8","15,880","±118","492","±149","3.1%","±0.9"
"                Population 18 to 34 years","1,574,502","±1,966","13,236","±1,035","0.8%","±0.1","2,958","±138","77","±63","2.6%","±2.1","1,022","±102","0","±20","0.0%","±4.3","9,673","±143","52","±41","0.5%","±0.4","4,242","±173","0","±26","0.0%","±1.1","3,402","±101","10","±20","0.3%","±0.6","2,184","±94","65","±73","3.0%","±3.4","5,374","±144","49","±37","0.9%","±0.7","4,568","±85","45","±49","1.0%","±1.1","705","±44","17","±31","2.4%","±4.4","23,049","±299","121","±112","0.5%","±0.5","4,084","±93","60","±49","1.5%","±1.2","1,103","±43","0","±20","0.0%","±4.0","8,606","±216","156","±103","1.8%","±1.2","5,298","±157","63","±46","1.2%","±0.9"
"                Population 35 to 64 years","2,651,599","±2,194","65,763","±2,490","2.5%","±0.1","5,801","±100","112","±79","1.9%","±1.4","3,226","±108","109","±76","3.4%","±2.4","22,444","±171","621","±197","2.8%","±0.9","8,169","±176","193","±76","2.4%","±0.9","7,375","±95","256","±96","3.5%","±1.3","4,745","±71","283","±134","6.0%","±2.8","10,057","±146","364","±158","3.6%","±1.6","8,875","±98","330","±133","3.7%","±1.5","2,052","±58","169","±90","8.2%","±4.4","28,228","±325","347","±130","1.2%","±0.5","8,234","±100","300","±157","3.6%","±1.9","2,445","±53","38","±31","1.6%","±1.3","15,959","±281","417","±146","2.6%","±0.9","10,582","±164","429","±133","4.1%","±1.3"
"            Population 65 years and over","1,179,679","±1,181","87,437","±2,381","7.4%","±0.2","2,561","±30","121","±60","4.7%","±2.3","1,903","±41","223","±105","11.7%","±5.5","20,351","±147","1,155","±276","5.7%","±1.4","3,837","±114","312","±113","8.1%","±2.9","4,449","±61","500","±149","11.2%","±3.3","2,744","±32","292","±113","10.6%","±4.1","3,978","±84","358","±160","9.0%","±4.0","4,665","±74","429","±115","9.2%","±2.5","1,384","±28","85","±43","6.1%","±3.1","13,304","±147","933","±232","7.0%","±1.7","3,338","±46","179","±69","5.4%","±2.1","1,503","±45","106","±80","7.1%","±5.4","7,338","±179","412","±121","5.6%","±1.6","5,866","±97","470","±195","8.0%","±3.3"
"                Population 65 to 74 years","721,012","±1,279","32,878","±1,444","4.6%","±0.2","1,566","±28","31","±31","2.0%","±2.0","1,094","±38","61","±45","5.6%","±4.2","11,918","±158","480","±206","4.0%","±1.7","2,409","±97","119","±96","4.9%","±4.0","2,699","±63","175","±79","6.5%","±2.9","1,742","±37","131","±83","7.5%","±4.8","2,443","±31","127","±99","5.2%","±4.1","2,884","±72","240","±97","8.3%","±3.3","794","±5","9","±8","1.1%","±1.1","8,117","±118","331","±138","4.1%","±1.7","2,081","±33","86","±50","4.1%","±2.4","907","±25","81","±76","8.9%","±8.4","4,450","±142","232","±96","5.2%","±2.1","3,614","±102","234","±129","6.5%","±3.5"
"                Population 75 years and over","458,667","±1,041","54,559","±1,884","11.9%","±0.4","995","±16","90","±52","9.0%","±5.2","809","±41","162","±100","20.0%","±12.4","8,433","±111","675","±168","8.0%","±2.0","1,428","±53","193","±73","13.5%","±4.9","1,750","±41","325","±125","18.6%","±7.1","1,002","±33","161","±77","16.1%","±7.8","1,535","±58","231","±137","15.0%","±8.9","1,781","±42","189","±81","10.6%","±4.5","590","±24","76","±41","12.9%","±6.9","5,187","±129","602","±176","11.6%","±3.4","1,257","±40","93","±46","7.4%","±3.6","596","±61","25","±20","4.2%","±3.5","2,888","±115","180","±70","6.2%","±2.4","2,252","±97","236","±130","10.5%","±5.8"
"        With an independent living difficulty","(X)","(X)","354,350","±5,013","6.6%","±0.1","(X)","(X)","856","±177","7.6%","±1.6","(X)","(X)","692","±172","11.3%","±2.8","(X)","(X)","3,928","±531","7.5%","±1.0","(X)","(X)","1,180","±230","7.3%","±1.4","(X)","(X)","1,254","±237","8.2%","±1.6","(X)","(X)","1,321","±246","13.7%","±2.6","(X)","(X)","1,515","±294","7.8%","±1.5","(X)","(X)","1,604","±274","8.9%","±1.5","(X)","(X)","525","±149","12.7%","±3.6","(X)","(X)","3,694","±445","5.7%","±0.7","(X)","(X)","1,062","±214","6.8%","±1.4","(X)","(X)","370","±137","7.3%","±2.7","(X)","(X)","2,603","±418","8.2%","±1.3","(X)","(X)","1,766","±349","8.1%","±1.6"
"            Population 18 to 64 years","4,226,101","±1,859","188,142","±3,969","4.5%","±0.1","8,759","±111","511","±158","5.8%","±1.8","4,248","±61","283","±135","6.7%","±3.2","32,117","±153","2,036","±388","6.3%","±1.2","12,411","±126","627","±161","5.1%","±1.3","10,777","±57","593","±166","5.5%","±1.5","6,929","±74","804","±209","11.6%","±3.0","15,431","±110","942","±230","6.1%","±1.5","13,443","±87","906","±207","6.7%","±1.5","2,757","±44","366","±129","13.3%","±4.7","51,277","±179","1,877","±365","3.7%","±0.7","12,318","±65","657","±192","5.3%","±1.6","3,548","±53","237","±118","6.7%","±3.3","24,565","±170","1,750","±383","7.1%","±1.6","15,880","±118","952","±232","6.0%","±1.5"
"                Population 18 to 34 years","1,574,502","±1,966","52,885","±2,112","3.4%","±0.1","2,958","±138","184","±82","6.2%","±2.8","1,022","±102","30","±38","2.9%","±3.7","9,673","±143","558","±206","5.8%","±2.1","4,242","±173","131","±76","3.1%","±1.8","3,402","±101","229","±116","6.7%","±3.4","2,184","±94","184","±109","8.4%","±5.0","5,374","±144","259","±121","4.8%","±2.2","4,568","±85","163","±79","3.6%","±1.7","705","±44","69","±75","9.8%","±10.8","23,049","±299","736","±224","3.2%","±1.0","4,084","±93","126","±77","3.1%","±1.9","1,103","±43","38","±33","3.4%","±3.0","8,606","±216","509","±196","5.9%","±2.3","5,298","±157","197","±88","3.7%","±1.6"
"                Population 35 to 64 years","2,651,599","±2,194","135,257","±3,062","5.1%","±0.1","5,801","±100","327","±121","5.6%","±2.1","3,226","±108","253","±118","7.8%","±3.7","22,444","±171","1,478","±310","6.6%","±1.4","8,169","±176","496","±144","6.1%","±1.8","7,375","±95","364","±107","4.9%","±1.5","4,745","±71","620","±183","13.1%","±3.9","10,057","±146","683","±211","6.8%","±2.1","8,875","±98","743","±181","8.4%","±2.0","2,052","±58","297","±101","14.5%","±4.9","28,228","±325","1,141","±275","4.0%","±1.0","8,234","±100","531","±159","6.4%","±1.9","2,445","±53","199","±116","8.1%","±4.7","15,959","±281","1,241","±288","7.8%","±1.8","10,582","±164","755","±194","7.1%","±1.9"
"            Population 65 years and over","1,179,679","±1,181","166,208","±2,905","14.1%","±0.2","2,561","±30","345","±105","13.5%","±4.1","1,903","±41","409","±103","21.5%","±5.5","20,351","±147","1,892","±322","9.3%","±1.6","3,837","±114","553","±166","14.4%","±4.2","4,449","±61","661","±165","14.9%","±3.7","2,744","±32","517","±133","18.8%","±4.9","3,978","±84","573","±179","14.4%","±4.5","4,665","±74","698","±155","15.0%","±3.3","1,384","±28","159","±74","11.5%","±5.4","13,304","±147","1,817","±253","13.7%","±1.9","3,338","±46","405","±106","12.1%","±3.1","1,503","±45","133","±60","8.8%","±4.0","7,338","±179","853","±170","11.6%","±2.3","5,866","±97","814","±258","13.9%","±4.4"
"                Population 65 to 74 years","721,012","±1,279","59,859","±1,910","8.3%","±0.3","1,566","±28","85","±57","5.4%","±3.7","1,094","±38","125","±56","11.4%","±5.2","11,918","±158","770","±279","6.5%","±2.3","2,409","±97","189","±111","7.8%","±4.6","2,699","±63","281","±134","10.4%","±5.0","1,742","±37","227","±113","13.0%","±6.5","2,443","±31","234","±117","9.6%","±4.8","2,884","±72","426","±120","14.8%","±4.2","794","±5","59","±47","7.4%","±5.9","8,117","±118","614","±175","7.6%","±2.2","2,081","±33","152","±66","7.3%","±3.2","907","±25","63","±39","6.9%","±4.3","4,450","±142","435","±136","9.8%","±3.0","3,614","±102","362","±152","10.0%","±4.1"
"                Population 75 years and over","458,667","±1,041","106,349","±2,375","23.2%","±0.5","995","±16","260","±91","26.1%","±9.1","809","±41","284","±91","35.1%","±11.4","8,433","±111","1,122","±189","13.3%","±2.2","1,428","±53","364","±126","25.5%","±8.8","1,750","±41","380","±105","21.7%","±6.0","1,002","±33","290","±100","28.9%","±10.0","1,535","±58","339","±140","22.1%","±9.1","1,781","±42","272","±101","15.3%","±5.6","590","±24","100","±51","16.9%","±8.6","5,187","±129","1,203","±207","23.2%","±4.0","1,257","±40","253","±82","20.1%","±6.3","596","±61","70","±47","11.7%","±7.7","2,888","±115","418","±109","14.5%","±3.7","2,252","±97","452","±193","20.1%","±8.5"