"Label (Grouping)","Tennessee!!Total!!Estimate","Tennessee!!Total!!Margin of Error","Tennessee!!Below poverty level!!Estimate","Tennessee!!Below poverty level!!Margin of Error","Tennessee!!Percent below poverty level!!Estimate","Tennessee!!Percent below poverty level!!Margin of Error","Cannon County, Tennessee!!Total!!Estimate","Cannon County, Tennessee!!Total!!Margin of Error","Cannon County, Tennessee!!Below poverty level!!Estimate","Cannon County, Tennessee!!Below poverty level!!Margin of Error","Cannon County, Tennessee!!Percent below poverty level!!Estimate","Cannon County, Tennessee!!Percent below poverty level!!Margin of Error","Clay County, Tennessee!!Total!!Estimate","Clay County, Tennessee!!Total!!Margin of Error","Clay County, Tennessee!!Below poverty level!!Estimate","Clay County, Tennessee!!Below poverty level!!Margin of Error","Clay County, Tennessee!!Percent below poverty level!!Estimate","Clay County, Tennessee!!Percent below poverty level!!Margin of Error","Cumberland County, Tennessee!!Total!!Estimate","Cumberland County, Tennessee!!Total!!Margin of Error","Cumberland County, Tennessee!!Below poverty level!!Estimate","Cumberland County, Tennessee!!Below poverty level!!Margin of Error","Cumberland County, Tennessee!!Percent below poverty level!!Estimate","Cumberland County, Tennessee!!Percent below poverty level!!Margin of Error","DeKalb County, Tennessee!!Total!!Estimate","DeKalb County, Tennessee!!Total!!Margin of Error","DeKalb County, Tennessee!!Below poverty level!!Estimate","DeKalb County, Tennessee!!Below poverty level!!Margin of Error","DeKalb County, Tennessee!!Percent below poverty level!!Estimate","DeKalb County, Tennessee!!Percent below poverty level!!Margin of Error","Fentress County, Tennessee!!Total!!Estimate","Fentress County, Tennessee!!Total!!Margin of Error","Fentress County, Tennessee!!Below poverty level!!Estimate","Fentress County, Tennessee!!Below poverty level!!Margin of Error","Fentress County, Tennessee!!Percent below poverty level!!Estimate","Fentress County, Tennessee!!Percent below poverty level!!Margin of Error","Jackson County, Tennessee!!Total!!Estimate","Jackson County, Tennessee!!Total!!Margin of Error","Jackson County, Tennessee!!Below poverty level!!Estimate","Jackson County, Tennessee!!Below poverty level!!Margin of Error","Jackson County, Tennessee!!Percent below poverty level!!Estimate","Jackson County, Tennessee!!Percent below poverty level!!Margin of Error","Macon County, Tennessee!!Total!!Estimate","Macon County, Tennessee!!Total!!Margin of Error","Macon County, Tennessee!!Below poverty level!!Estimate","Macon County, Tennessee!!Below poverty level!!Margin of Error","Macon County, Tennessee!!Percent below poverty level!!Estimate","Macon County, Tennessee!!Percent below poverty level!!Margin of Error","Overton County, Tennessee!!Total!!Estimate","Overton County, Tennessee!!Total!!Margin of Error","Overton County, Tennessee!!Below poverty level!!Estimate","Overton County, Tennessee!!Below poverty level!!Margin of Error","Overton County, Tennessee!!Percent below poverty level!!Estimate","Overton County, Tennessee!!Percent below poverty level!!Margin of Error","Pickett County, Tennessee!!Total!!Estimate","Pickett County, Tennessee!!Total!!Margin of Error","Pickett County, Tennessee!!Below poverty level!!Estimate","Pickett County, Tennessee!!Below poverty level!!Margin of Error","Pickett County, Tennessee!!Percent below poverty level!!Estimate","Pickett County, Tennessee!!Percent below poverty level!!Margin of Error","Putnam County, Tennessee!!Total!!Estimate","Putnam County, Tennessee!!Total!!Margin of Error","Putnam County, Tennessee!!Below poverty level!!Estimate","Putnam County, Tennessee!!Below poverty level!!Margin of Error","Putnam County, Tennessee!!Percent below poverty level!!Estimate","Putnam County, Tennessee!!Percent below poverty level!!Margin of Error","Smith County, Tennessee!!Total!!Estimate","Smith County, Tennessee!!Total!!Margin of Error","Smith County, Tennessee!!Below poverty level!!Estimate","Smith County, Tennessee!!Below poverty level!!Margin of Error","Smith County, Tennessee!!Percent below poverty level!!Estimate","Smith County, Tennessee!!Percent below poverty level!!Margin of Error","Van Buren County, Tennessee!!Total!!Estimate","Van Buren County, Tennessee!!Total!!Margin of Error","Van Buren County, Tennessee!!Below poverty level!!Estimate","Van Buren County, Tennessee!!Below poverty level!!Margin of Error","Van Buren County, Tennessee!!Percent below poverty level!!Estimate","Van Buren County, Tennessee!!Percent below poverty level!!Margin of Error","Warren County, Tennessee!!Total!!Estimate","Warren County, Tennessee!!Total!!Margin of Error","Warren County, Tennessee!!Below poverty level!!Estimate","Warren County, Tennessee!!Below poverty level!!Margin of Error","Warren County, Tennessee!!Percent below poverty level!!Estimate","Warren County, Tennessee!!Percent below poverty level!!Margin of Error","White County, Tennessee!!Total!!Estimate","White County, Tennessee!!Total!!Margin of Error","White County, Tennessee!!Below poverty level!!Estimate","White County, Tennessee!!Below poverty level!!Margin of Error","White County, Tennessee!!Percent below poverty level!!Estimate","White County, Tennessee!!Percent below poverty level!!Margin of Error"
"Population for whom poverty status is determined","6,907,625","±2,128","950,340","±15,734","13.8%","±0.2","14,689","±23","2,684","±550","18.3%","±3.7","7,596","±37","1,838","±419","24.2%","±5.5","63,047","±46","9,050","±1,347","14.4%","±2.1","20,656","±73","3,835","±806","18.6%","±3.9","18,986","±209","3,983","±749","21.0%","±4.0","11,840","±41","2,398","±488","20.3%","±4.1","25,872","±104","4,440","±832","17.2%","±3.2","22,638","±155","3,691","±745","16.3%","±3.3","5,019","±15","1,200","±289","23.9%","±5.8","78,926","±145","14,501","±1,436","18.4%","±1.8","20,183","±46","2,022","±530","10.0%","±2.6","6,236","±129","1,004","±315","16.1%","±5.0","41,591","±94","6,532","±1,023","15.7%","±2.5","27,812","±89","3,664","±775","13.2%","±2.8"
"    AGE","","","","","","","","","","","","","","","","","","","","","","","","","","","","","","","","","","","","","","","","","","","","","","","","","","","","","","","","","","","","","","","","","","","","","","","","","","","","","","","","","","","","","","","","","",""
"        Under 18 years","1,538,193","±2,201","289,295","±8,186","18.8%","±0.5","3,358","±111","933","±346","27.8%","±10.1","1,435","±43","367","±182","25.6%","±12.6","10,559","±73","2,393","±717","22.7%","±6.8","4,485","±72","1,216","±340","27.1%","±7.6","3,755","±210","935","±288","24.9%","±8.2","2,167","±76","553","±204","25.5%","±9.4","6,463","±113","1,549","±453","24.0%","±6.9","4,529","±151","909","±303","20.1%","±6.7","878","±39","394","±149","44.9%","±17.2","16,931","±153","4,187","±668","24.7%","±4.0","4,527","±61","392","±181","8.7%","±4.0","1,185","±135","273","±155","23.0%","±13.2","9,687","±106","1,976","±514","20.4%","±5.3","6,027","±89","1,018","±403","16.9%","±6.7"
"            Under 5 years","402,374","±1,335","78,740","±3,029","19.6%","±0.7","843","±76","282","±164","33.5%","±18.4","323","±20","68","±79","21.1%","±24.5","2,690","±165","630","±263","23.4%","±9.4","1,503","±107","718","±227","47.8%","±14.5","1,031","±53","189","±110","18.3%","±10.7","540","±43","112","±94","20.7%","±17.8","1,622","±66","285","±176","17.6%","±10.9","1,123","±42","227","±92","20.2%","±8.0","206","±6","27","±19","13.1%","±9.2","4,388","±145","951","±250","21.7%","±5.8","1,114","±76","118","±82","10.6%","±6.9","302","±57","88","±58","29.1%","±18.1","2,447","±119","368","±179","15.0%","±7.4","1,483","±99","379","±222","25.6%","±15.6"
"            5 to 17 years","1,135,819","±1,841","210,555","±6,349","18.5%","±0.6","2,515","±142","651","±249","25.9%","±9.5","1,112","±43","299","±139","26.9%","±12.5","7,869","±162","1,763","±548","22.4%","±6.9","2,982","±98","498","±203","16.7%","±6.7","2,724","±211","746","±231","27.4%","±9.3","1,627","±64","441","±154","27.1%","±9.3","4,841","±118","1,264","±371","26.1%","±7.5","3,406","±146","682","±265","20.0%","±7.8","672","±36","367","±145","54.6%","±22.1","12,543","±119","3,236","±569","25.8%","±4.5","3,413","±94","274","±139","8.0%","±4.1","883","±94","185","±107","21.0%","±12.5","7,240","±144","1,608","±407","22.2%","±5.6","4,544","±126","639","±264","14.1%","±5.8"
"            Related children of householder under 18 years","1,531,206","±2,449","282,867","±8,123","18.5%","±0.5","3,325","±118","900","±340","27.1%","±10.0","1,435","±43","367","±182","25.6%","±12.6","10,536","±75","2,370","±717","22.5%","±6.8","4,485","±72","1,216","±340","27.1%","±7.6","3,755","±210","935","±288","24.9%","±8.2","2,167","±76","553","±204","25.5%","±9.4","6,419","±126","1,505","±450","23.4%","±6.9","4,482","±194","862","±296","19.2%","±6.6","878","±39","394","±149","44.9%","±17.2","16,881","±172","4,137","±662","24.5%","±3.9","4,527","±61","392","±181","8.7%","±4.0","1,185","±135","273","±155","23.0%","±13.2","9,567","±123","1,856","±528","19.4%","±5.5","6,023","±90","1,014","±403","16.8%","±6.7"
"        18 to 64 years","4,189,753","±1,265","530,766","±8,844","12.7%","±0.2","8,770","±113","1,370","±346","15.6%","±3.9","4,258","±56","1,080","±279","25.4%","±6.6","32,137","±149","4,504","±684","14.0%","±2.1","12,334","±124","2,116","±496","17.2%","±4.0","10,782","±56","2,189","±483","20.3%","±4.5","6,929","±74","1,264","±287","18.2%","±4.1","15,431","±110","2,421","±443","15.7%","±2.9","13,444","±86","1,970","±463","14.7%","±3.5","2,757","±44","668","±191","24.2%","±6.9","48,691","±164","8,332","±894","17.1%","±1.8","12,318","±65","1,245","±364","10.1%","±2.9","3,548","±53","589","±197","16.6%","±5.5","24,566","±169","3,572","±550","14.5%","±2.2","15,919","±112","1,963","±444","12.3%","±2.8"
"            18 to 34 years","1,532,422","±1,552","230,803","±4,997","15.1%","±0.3","2,969","±144","614","±203","20.7%","±6.5","1,022","±102","288","±133","28.2%","±12.8","9,673","±143","1,509","±307","15.6%","±3.2","4,165","±168","783","±282","18.8%","±6.6","3,402","±101","773","±218","22.7%","±6.3","2,184","±94","283","±131","13.0%","±6.0","5,374","±144","1,021","±313","19.0%","±5.8","4,569","±85","679","±197","14.9%","±4.3","705","±44","102","±58","14.5%","±8.4","20,395","±280","4,976","±644","24.4%","±3.1","4,084","±93","596","±226","14.6%","±5.5","1,103","±43","201","±96","18.2%","±8.7","8,606","±216","1,357","±277","15.8%","±3.2","5,337","±146","709","±246","13.3%","±4.6"
"            35 to 64 years","2,657,331","±2,008","299,963","±6,218","11.3%","±0.2","5,801","±100","756","±247","13.0%","±4.2","3,236","±104","792","±208","24.5%","±6.3","22,464","±168","2,995","±548","13.3%","±2.4","8,169","±176","1,333","±332","16.3%","±4.1","7,380","±93","1,416","±381","19.2%","±5.2","4,745","±71","981","±218","20.7%","±4.6","10,057","±146","1,400","±313","13.9%","±3.1","8,875","±98","1,291","±384","14.5%","±4.3","2,052","±58","566","±176","27.6%","±8.8","28,296","±320","3,356","±576","11.9%","±2.0","8,234","±100","649","±218","7.9%","±2.6","2,445","±53","388","±141","15.9%","±5.7","15,960","±281","2,215","±396","13.9%","±2.5","10,582","±164","1,254","±334","11.9%","±3.1"
"        60 years and over","1,632,630","±4,171","186,748","±3,479","11.4%","±0.2","3,509","±152","522","±150","14.9%","±4.3","2,478","±115","610","±178","24.6%","±6.6","25,608","±345","2,644","±464","10.3%","±1.8","5,582","±264","761","±274","13.6%","±4.8","6,186","±177","1,212","±255","19.6%","±4.2","3,607","±185","747","±168","20.7%","±4.7","5,499","±299","810","±251","14.7%","±4.2","6,698","±269","1,383","±387","20.6%","±5.5","1,822","±113","185","±71","10.2%","±3.9","18,926","±406","2,726","±422","14.4%","±2.2","4,829","±219","687","±210","14.2%","±4.2","1,984","±110","184","±70","9.3%","±3.5","10,152","±322","1,407","±338","13.9%","±3.2","7,807","±335","866","±232","11.1%","±3.1"
"        65 years and over","1,179,679","±1,181","130,279","±2,791","11.0%","±0.2","2,561","±30","381","±118","14.9%","±4.6","1,903","±41","391","±136","20.5%","±7.1","20,351","±147","2,153","±398","10.6%","±2.0","3,837","±114","503","±174","13.1%","±4.5","4,449","±61","859","±217","19.3%","±4.9","2,744","±32","581","±153","21.2%","±5.6","3,978","±84","470","±179","11.8%","±4.5","4,665","±74","812","±208","17.4%","±4.4","1,384","±28","138","±64","10.0%","±4.6","13,304","±147","1,982","±412","14.9%","±3.1","3,338","±46","385","±132","11.5%","±4.0","1,503","±45","142","±60","9.4%","±4.0","7,338","±179","984","±248","13.4%","±3.2","5,866","±97","683","±197","11.6%","±3.3"
"    SEX","","","","","","","","","","","","","","","","","","","","","","","","","","","","","","","","","","","","","","","","","","","","","","","","","","","","","","","","","","","","","","","","","","","","","","","","","","","","","","","","","","","","","","","","","",""
"        Male","3,378,333","±2,385","416,818","±8,246","12.3%","±0.2","7,512","±116","1,287","±326","17.1%","±4.3","3,675","±98","785","±217","21.4%","±6.0","30,717","±261","3,838","±656","12.5%","±2.1","10,285","±183","1,787","±427","17.4%","±4.0","9,379","±172","2,146","±450","22.9%","±4.8","5,953","±94","977","±228","16.4%","±3.9","12,707","±191","1,785","±433","14.0%","±3.3","11,415","±122","1,446","±280","12.7%","±2.5","2,596","±61","634","±156","24.4%","±6.0","39,195","±291","7,078","±759","18.1%","±1.9","10,207","±118","901","±286","8.8%","±2.8","3,183","±88","501","±172","15.7%","±5.4","20,681","±246","2,692","±505","13.0%","±2.4","13,776","±192","1,652","±411","12.0%","±3.0"
"        Female","3,529,292","±2,461","533,522","±9,583","15.1%","±0.3","7,177","±122","1,397","±302","19.5%","±4.1","3,921","±90","1,053","±255","26.9%","±6.3","32,330","±270","5,212","±877","16.1%","±2.7","10,371","±184","2,048","±530","19.7%","±5.0","9,607","±246","1,837","±384","19.1%","±4.2","5,887","±85","1,421","±324","24.1%","±5.4","13,165","±179","2,655","±494","20.2%","±3.8","11,223","±134","2,245","±528","20.0%","±4.7","2,423","±57","566","±168","23.4%","±6.9","39,731","±322","7,423","±873","18.7%","±2.2","9,976","±132","1,121","±280","11.2%","±2.8","3,053","±99","503","±162","16.5%","±5.3","20,910","±238","3,840","±653","18.4%","±3.1","14,036","±201","2,012","±462","14.3%","±3.3"
"    RACE AND HISPANIC OR LATINO ORIGIN","","","","","","","","","","","","","","","","","","","","","","","","","","","","","","","","","","","","","","","","","","","","","","","","","","","","","","","","","","","","","","","","","","","","","","","","","","","","","","","","","","","","","","","","","",""
"        White alone","5,014,319","±5,968","561,647","±10,486","11.2%","±0.2","13,713","±126","2,338","±491","17.0%","±3.6","7,161","±41","1,750","±412","24.4%","±5.8","59,173","±373","8,076","±1,272","13.6%","±2.1","18,312","±214","2,973","±703","16.2%","±3.8","18,037","±310","3,695","±747","20.5%","±4.2","11,012","±143","2,184","±467","19.8%","±4.3","22,986","±148","3,591","±762","15.6%","±3.3","21,472","±213","3,498","±752","16.3%","±3.5","4,785","±71","1,130","±297","23.6%","±6.1","68,619","±506","10,464","±1,225","15.2%","±1.8","18,249","±216","1,679","±453","9.2%","±2.5","5,897","±128","904","±290","15.3%","±4.9","35,558","±379","5,213","±859","14.7%","±2.4","25,780","±210","3,576","±748","13.9%","±2.9"
"        Black or African American alone","1,062,390","±4,615","237,475","±7,232","22.4%","±0.7","330","±159","195","±160","59.1%","±38.0","248","±96","49","±79","19.8%","±32.4","500","±179","229","±127","45.8%","±23.0","217","±76","96","±74","44.2%","±30.2","11","±14","4","±8","36.4%","±53.5","24","±20","5","±10","20.8%","±36.5","139","±108","139","±108","100.0%","±27.1","288","±71","43","±53","14.9%","±18.3","4","±7","0","±20","0.0%","±100.0","1,769","±235","328","±176","18.5%","±10.1","362","±96","58","±63","16.0%","±18.1","11","±17","0","±20","0.0%","±100.0","1,058","±295","397","±237","37.5%","±19.5","279","±78","20","±30","7.2%","±10.3"
"        American Indian and Alaska Native alone","18,087","±1,969","4,660","±1,424","25.8%","±6.5","26","±31","0","±22","0.0%","±68.4","20","±31","0","±20","0.0%","±78.0","49","±33","4","±11","8.2%","±20.5","55","±40","19","±24","34.5%","±41.9","0","±22","0","±22","-","**","19","±33","0","±22","0.0%","±80.1","7","±11","0","±26","0.0%","±100.0","28","±21","0","±26","0.0%","±65.9","5","±9","0","±20","0.0%","±100.0","213","±223","49","±71","23.0%","±32.2","32","±41","0","±26","0.0%","±61.7","9","±17","9","±17","100.0%","±100.0","323","±278","85","±116","26.3%","±39.8","130","±133","7","±12","5.4%","±12.8"
"        Asian alone","131,715","±2,276","10,669","±1,376","8.1%","±1.0","0","±22","0","±22","-","**","41","±40","0","±20","0.0%","±54.5","221","±199","10","±28","4.5%","±10.8","231","±52","116","±112","50.2%","±44.4","42","±37","0","±22","0.0%","±53.8","0","±22","0","±22","-","**","46","±39","23","±38","50.0%","±50.0","56","±60","0","±26","0.0%","±46.6","0","±20","0","±20","-","**","729","±204","192","±105","26.3%","±15.9","91","±44","0","±26","0.0%","±36.4","8","±12","0","±20","0.0%","±100.0","240","±207","67","±93","27.9%","±37.6","80","±106","0","±26","0.0%","±39.0"
"        Native Hawaiian and Other Pacific Islander alone","5,551","±1,067","812","±390","14.6%","±6.4","0","±22","0","±22","-","**","0","±20","0","±20","-","**","178","±294","0","±33","0.0%","±22.1","0","±26","0","±26","-","**","10","±18","0","±22","0.0%","±100.0","4","±6","0","±22","0.0%","±100.0","0","±26","0","±26","-","**","8","±20","0","±26","0.0%","±100.0","0","±20","0","±20","-","**","0","±33","0","±33","-","**","39","±51","0","±26","0.0%","±55.9","0","±20","0","±20","-","**","99","±112","99","±112","100.0%","±34.6","46","±66","0","±26","0.0%","±51.5"
"        Some other race alone","190,513","±5,129","45,885","±3,520","24.1%","±1.7","135","±87","54","±64","40.0%","±46.8","0","±20","0","±20","-","**","459","±279","329","±273","71.7%","±23.9","920","±333","541","±291","58.8%","±18.3","38","±62","0","±22","0.0%","±56.6","63","±82","8","±22","12.7%","±21.9","426","±221","158","±153","37.1%","±30.3","181","±150","0","±26","0.0%","±21.8","55","±24","0","±20","0.0%","±47.1","2,798","±693","1,667","±634","59.6%","±15.8","267","±157","11","±19","4.1%","±7.8","110","±34","24","±38","21.8%","±37.3","1,144","±526","450","±358","39.3%","±20.8","202","±124","0","±26","0.0%","±19.8"
"        Two or more races","485,050","±7,743","89,192","±5,142","18.4%","±1.0","485","±195","97","±88","20.0%","±15.2","126","±90","39","±34","31.0%","±23.9","2,467","±399","402","±200","16.3%","±8.0","921","±311","90","±65","9.8%","±7.4","848","±235","284","±119","33.5%","±14.2","718","±180","201","±108","28.0%","±13.6","2,268","±293","529","±244","23.3%","±11.4","605","±159","150","±74","24.8%","±11.6","170","±72","70","±27","41.2%","±19.9","4,798","±818","1,801","±721","37.5%","±11.0","1,143","±238","274","±155","24.0%","±12.4","201","±48","67","±42","33.3%","±18.6","3,169","±704","221","±80","7.0%","±2.7","1,295","±253","61","±82","4.7%","±6.7"
"        Hispanic or Latino origin (of any race)","512,766","±1,227","108,094","±5,305","21.1%","±1.0","457","±5","248","±144","54.3%","±31.5","18","±34","0","±20","0.0%","±82.3","2,250","±3","880","±375","39.1%","±16.6","1,606","±33","569","±275","35.4%","±17.2","408","±11","41","±59","10.0%","±14.4","342","±22","120","±74","35.1%","±21.5","1,825","±22","374","±289","20.5%","±15.9","503","±23","143","±80","28.4%","±15.8","105","±6","2","±8","1.9%","±8.0","6,824","±71","3,367","±744","49.3%","±10.9","629","±20","210","±150","33.4%","±23.8","144","±20","31","±39","21.5%","±27.3","4,199","±2","785","±476","18.7%","±11.3","909","±4","65","±96","7.2%","±10.5"
"        White alone, not Hispanic or Latino","4,918,822","±3,814","545,915","±10,264","11.1%","±0.2","13,498","±64","2,137","±473","15.8%","±3.5","7,143","±27","1,750","±412","24.5%","±5.8","58,571","±175","7,768","±1,235","13.3%","±2.1","18,102","±97","2,941","±699","16.2%","±3.9","17,876","±301","3,695","±747","20.7%","±4.3","10,937","±141","2,141","±459","19.6%","±4.3","22,960","±133","3,587","±761","15.6%","±3.3","21,348","±190","3,470","±751","16.3%","±3.5","4,770","±70","1,128","±294","23.6%","±6.1","67,217","±351","10,119","±1,209","15.1%","±1.8","18,191","±213","1,673","±452","9.2%","±2.5","5,897","±128","904","±290","15.3%","±4.9","34,643","±142","5,035","±793","14.5%","±2.3","25,575","±147","3,549","±746","13.9%","±2.9"
"    EDUCATIONAL ATTAINMENT","","","","","","","","","","","","","","","","","","","","","","","","","","","","","","","","","","","","","","","","","","","","","","","","","","","","","","","","","","","","","","","","","","","","","","","","","","","","","","","","","","","","","","","","","",""
"        Population 25 years and over","4,799,818","±1,594","549,369","±8,412","11.4%","±0.2","10,361","±95","1,547","±323","14.9%","±3.1","5,626","±156","1,352","±302","24.0%","±5.3","48,906","±123","6,065","±772","12.4%","±1.6","14,679","±109","2,148","±447","14.6%","±3.1","13,842","±88","2,833","±514","20.5%","±3.7","8,890","±69","1,726","±348","19.4%","±3.9","17,439","±141","2,526","±458","14.5%","±2.6","16,327","±47","2,568","±546","15.7%","±3.3","3,797","±70","760","±199","20.0%","±5.2","52,647","±295","7,286","±839","13.8%","±1.6","14,204","±75","1,414","±353","10.0%","±2.5","4,600","±85","660","±184","14.3%","±4.0","28,676","±187","4,011","±561","14.0%","±2.0","19,972","±27","2,505","±459","12.5%","±2.3"
"            Less than high school graduate","465,822","±7,323","129,940","±3,636","27.9%","±0.6","1,429","±276","377","±149","26.4%","±9.2","842","±213","377","±139","44.8%","±16.0","4,314","±555","1,292","±316","29.9%","±6.2","2,248","±389","719","±257","32.0%","±9.2","2,441","±337","900","±260","36.9%","±9.7","1,370","±261","500","±152","36.5%","±9.3","2,951","±517","845","±261","28.6%","±7.7","2,768","±481","874","±330","31.6%","±10.2","538","±173","195","±111","36.2%","±14.9","5,652","±558","1,729","±397","30.6%","±6.3","1,660","±245","330","±123","19.9%","±7.1","630","±143","173","±84","27.5%","±12.7","3,886","±461","1,008","±293","25.9%","±6.6","3,129","±562","688","±219","22.0%","±7.8"
"            High school graduate (includes equivalency)","1,485,657","±11,366","224,330","±4,662","15.1%","±0.3","4,273","±396","687","±226","16.1%","±5.1","2,723","±339","563","±216","20.7%","±7.5","20,311","±1,133","3,003","±545","14.8%","±2.5","5,718","±441","955","±224","16.7%","±3.8","5,697","±505","1,461","±331","25.6%","±5.5","4,153","±320","741","±219","17.8%","±5.2","8,509","±716","1,273","±300","15.0%","±3.3","7,082","±498","1,087","±345","15.3%","±4.5","1,440","±201","422","±139","29.3%","±8.5","17,028","±972","2,696","±505","15.8%","±2.7","5,982","±429","690","±206","11.5%","±3.3","1,970","±203","357","±130","18.1%","±6.0","14,146","±685","2,149","±408","15.2%","±2.7","7,859","±597","969","±264","12.3%","±3.3"
"            Some college, associate's degree","1,341,251","±9,361","129,993","±4,024","9.7%","±0.3","2,896","±319","357","±107","12.3%","±3.7","1,410","±269","395","±192","28.0%","±10.8","14,955","±841","1,335","±287","8.9%","±1.8","3,627","±397","303","±128","8.4%","±3.5","3,671","±440","357","±135","9.7%","±3.6","2,025","±262","424","±138","20.9%","±6.8","3,766","±530","330","±144","8.8%","±3.7","4,014","±383","452","±221","11.3%","±5.1","1,089","±214","109","±51","10.0%","±4.9","14,152","±895","1,828","±371","12.9%","±2.5","3,924","±372","253","±110","6.4%","±2.7","1,362","±176","92","±61","6.8%","±4.5","6,538","±578","730","±205","11.2%","±3.2","5,933","±533","631","±222","10.6%","±3.5"
"            Bachelor's degree or higher","1,507,088","±13,336","65,106","±2,428","4.3%","±0.2","1,763","±370","126","±72","7.1%","±4.0","651","±161","17","±26","2.6%","±4.0","9,326","±690","435","±148","4.7%","±1.6","3,086","±507","171","±167","5.5%","±5.4","2,033","±350","115","±106","5.7%","±5.0","1,342","±265","61","±56","4.5%","±4.1","2,213","±449","78","±65","3.5%","±2.9","2,463","±383","155","±105","6.3%","±4.2","730","±145","34","±32","4.7%","±4.4","15,815","±1,042","1,033","±252","6.5%","±1.6","2,638","±326","141","±111","5.3%","±4.2","638","±166","38","±32","6.0%","±5.3","4,106","±536","124","±81","3.0%","±2.0","3,051","±405","217","±112","7.1%","±3.7"
"    EMPLOYMENT STATUS","","","","","","","","","","","","","","","","","","","","","","","","","","","","","","","","","","","","","","","","","","","","","","","","","","","","","","","","","","","","","","","","","","","","","","","","","","","","","","","","","","","","","","","","","",""
"        Civilian labor force 16 years and over","3,502,268","±9,353","249,769","±5,261","7.1%","±0.1","6,607","±365","538","±184","8.1%","±2.8","2,926","±249","452","±176","15.4%","±5.8","24,821","±682","1,807","±408","7.3%","±1.7","9,404","±528","775","±264","8.2%","±2.8","7,413","±500","666","±226","9.0%","±3.2","5,430","±307","499","±152","9.2%","±2.9","12,497","±640","948","±241","7.6%","±2.0","10,930","±475","667","±216","6.1%","±2.0","2,040","±191","264","±113","12.9%","±5.5","40,313","±879","4,450","±646","11.0%","±1.6","10,067","±400","433","±159","4.3%","±1.6","2,750","±188","306","±147","11.1%","±5.2","19,421","±713","1,529","±275","7.9%","±1.4","12,373","±503","975","±295","7.9%","±2.4"
"            Employed","3,339,121","±9,959","198,561","±4,748","5.9%","±0.1","6,422","±367","443","±181","6.9%","±2.8","2,632","±276","333","±136","12.7%","±4.9","23,566","±695","1,396","±386","5.9%","±1.7","8,881","±554","584","±215","6.6%","±2.4","7,068","±478","641","±224","9.1%","±3.2","5,015","±333","343","±119","6.8%","±2.4","12,070","±645","784","±236","6.5%","±2.0","10,584","±478","603","±209","5.7%","±2.0","1,902","±217","209","±89","11.0%","±4.7","38,829","±914","4,104","±621","10.6%","±1.6","9,799","±437","422","±160","4.3%","±1.7","2,686","±192","306","±147","11.4%","±5.3","18,276","±748","1,341","±273","7.3%","±1.5","11,684","±591","791","±234","6.8%","±2.0"
"                Male","1,753,160","±6,918","89,042","±3,209","5.1%","±0.2","3,352","±231","286","±125","8.5%","±3.7","1,380","±190","188","±107","13.6%","±7.1","12,909","±461","669","±227","5.2%","±1.7","4,826","±348","342","±155","7.1%","±3.1","3,817","±327","324","±131","8.5%","±3.3","2,735","±237","127","±85","4.6%","±3.1","6,609","±432","338","±134","5.1%","±2.1","5,779","±313","226","±106","3.9%","±1.8","977","±130","94","±58","9.6%","±6.0","21,154","±644","2,571","±482","12.2%","±2.2","5,336","±272","189","±111","3.5%","±2.1","1,513","±138","177","±97","11.7%","±6.3","9,939","±470","545","±152","5.5%","±1.6","6,093","±374","442","±172","7.3%","±2.8"
"                Female","1,585,961","±7,298","109,519","±3,220","6.9%","±0.2","3,070","±249","157","±96","5.1%","±3.0","1,252","±182","145","±85","11.6%","±6.4","10,657","±521","727","±231","6.8%","±2.2","4,055","±356","242","±120","6.0%","±3.0","3,251","±317","317","±174","9.8%","±5.3","2,280","±226","216","±79","9.5%","±3.5","5,461","±411","446","±196","8.2%","±3.5","4,805","±350","377","±175","7.8%","±3.6","925","±139","115","±71","12.4%","±7.2","17,675","±656","1,533","±321","8.7%","±1.8","4,463","±255","233","±98","5.2%","±2.2","1,173","±113","129","±68","11.0%","±5.8","8,337","±483","796","±222","9.5%","±2.6","5,591","±404","349","±163","6.2%","±2.9"
"            Unemployed","163,147","±4,182","51,208","±2,168","31.4%","±1.1","185","±109","95","±74","51.4%","±22.3","294","±153","119","±101","40.5%","±23.7","1,255","±257","411","±146","32.7%","±10.3","523","±161","191","±99","36.5%","±15.0","345","±197","25","±27","7.2%","±8.5","415","±123","156","±89","37.6%","±17.2","427","±144","164","±87","38.4%","±18.1","346","±144","64","±42","18.5%","±13.2","138","±79","55","±45","39.9%","±29.0","1,484","±375","346","±131","23.3%","±9.2","268","±152","11","±13","4.1%","±5.0","64","±45","0","±20","0.0%","±43.6","1,145","±317","188","±129","16.4%","±9.9","689","±212","184","±131","26.7%","±15.3"
"                Male","81,841","±2,801","22,588","±1,337","27.6%","±1.4","72","±50","26","±31","36.1%","±37.9","187","±116","66","±61","35.3%","±23.7","724","±181","300","±123","41.4%","±13.3","234","±93","47","±45","20.1%","±17.1","108","±77","10","±18","9.3%","±17.6","106","±63","40","±39","37.7%","±33.7","181","±102","46","±44","25.4%","±21.1","296","±140","52","±39","17.6%","±15.1","59","±47","39","±42","66.1%","±38.0","761","±295","190","±94","25.0%","±13.8","121","±67","5","±8","4.1%","±6.6","46","±38","0","±20","0.0%","±51.5","687","±221","68","±52","9.9%","±7.9","362","±164","94","±68","26.0%","±17.9"
"                Female","81,306","±2,814","28,620","±1,675","35.2%","±1.7","113","±83","69","±71","61.1%","±34.6","107","±77","53","±53","49.5%","±36.3","531","±168","111","±71","20.9%","±12.3","289","±139","144","±100","49.8%","±24.3","237","±179","15","±17","6.3%","±9.2","309","±114","116","±86","37.5%","±22.2","246","±105","118","±86","48.0%","±26.8","50","±41","12","±13","24.0%","±28.3","79","±57","16","±16","20.3%","±25.0","723","±227","156","±97","21.6%","±12.0","147","±135","6","±9","4.1%","±7.4","18","±17","0","±20","0.0%","±82.3","458","±171","120","±98","26.2%","±17.2","327","±129","90","±84","27.5%","±21.0"
"    WORK EXPERIENCE","","","","","","","","","","","","","","","","","","","","","","","","","","","","","","","","","","","","","","","","","","","","","","","","","","","","","","","","","","","","","","","","","","","","","","","","","","","","","","","","","","","","","","","","","",""
"        Population 16 years and over","5,555,629","±2,409","692,237","±10,230","12.5%","±0.2","11,735","±134","1,836","±378","15.6%","±3.2","6,327","±71","1,503","±344","23.8%","±5.4","53,672","±174","6,767","±858","12.6%","±1.6","16,731","±84","2,672","±559","16.0%","±3.3","15,813","±77","3,161","±576","20.0%","±3.6","10,008","±77","1,905","±389","19.0%","±3.9","20,223","±123","3,020","±549","14.9%","±2.7","18,678","±95","2,788","±574","14.9%","±3.1","4,205","±55","816","±205","19.4%","±4.9","64,320","±283","10,980","±1,098","17.1%","±1.7","16,262","±85","1,656","±411","10.2%","±2.5","5,204","±57","731","±197","14.0%","±3.8","33,179","±212","4,838","±680","14.6%","±2.1","22,531","±138","2,701","±485","12.0%","±2.1"
"            Worked full-time, year-round in the past 12 months","2,494,676","±10,329","66,564","±2,266","2.7%","±0.1","4,936","±351","167","±89","3.4%","±1.7","2,080","±267","140","±82","6.7%","±3.8","16,794","±732","490","±206","2.9%","±1.2","6,660","±606","259","±128","3.9%","±2.0","5,181","±516","307","±127","5.9%","±2.6","3,526","±317","68","±41","1.9%","±1.2","8,781","±611","302","±147","3.4%","±1.7","7,740","±474","222","±159","2.9%","±2.1","1,435","±232","102","±66","7.1%","±4.5","27,732","±1,034","1,131","±333","4.1%","±1.2","7,659","±427","209","±92","2.7%","±1.2","1,880","±189","172","±109","9.1%","±5.7","13,384","±716","619","±187","4.6%","±1.4","8,223","±598","325","±172","4.0%","±2.1"
"            Worked part-time or part-year in the past 12 months","1,155,395","±9,369","192,883","±4,635","16.7%","±0.4","2,061","±286","404","±165","19.6%","±7.5","835","±190","307","±151","36.8%","±13.7","9,665","±690","1,302","±291","13.5%","±3.3","3,159","±407","447","±163","14.2%","±4.8","2,398","±401","487","±274","20.3%","±10.9","1,969","±289","353","±119","17.9%","±5.5","4,243","±521","671","±191","15.8%","±3.9","3,669","±375","558","±179","15.2%","±4.6","649","±167","154","±67","23.7%","±9.0","14,621","±991","3,960","±581","27.1%","±3.2","2,842","±308","310","±120","10.9%","±4.2","982","±166","169","±80","17.2%","±7.7","6,580","±526","995","±235","15.1%","±3.3","4,916","±528","722","±230","14.7%","±4.7"
"            Did not work","1,905,558","±10,357","432,790","±7,427","22.7%","±0.3","4,738","±379","1,265","±299","26.7%","±5.8","3,412","±237","1,056","±301","30.9%","±7.6","27,213","±737","4,975","±680","18.3%","±2.3","6,912","±464","1,966","±472","28.4%","±5.9","8,234","±481","2,367","±456","28.7%","±4.9","4,513","±348","1,484","±343","32.9%","±6.6","7,199","±616","2,047","±433","28.4%","±5.5","7,269","±448","2,008","±471","27.6%","±5.5","2,121","±192","560","±185","26.4%","±7.8","21,967","±802","5,889","±742","26.8%","±3.1","5,761","±415","1,137","±335","19.7%","±5.0","2,342","±176","390","±121","16.7%","±4.9","13,215","±715","3,224","±611","24.4%","±4.0","9,392","±565","1,654","±326","17.6%","±3.3"
"    ALL INDIVIDUALS WITH INCOME BELOW THE FOLLOWING POVERTY RATIOS","","","","","","","","","","","","","","","","","","","","","","","","","","","","","","","","","","","","","","","","","","","","","","","","","","","","","","","","","","","","","","","","","","","","","","","","","","","","","","","","","","","","","","","","","",""
"        50 percent of poverty level","446,711","±12,122","(X)","(X)","(X)","(X)","1,659","±530","(X)","(X)","(X)","(X)","572","±221","(X)","(X)","(X)","(X)","3,675","±683","(X)","(X)","(X)","(X)","1,366","±543","(X)","(X)","(X)","(X)","1,322","±405","(X)","(X)","(X)","(X)","1,215","±342","(X)","(X)","(X)","(X)","2,206","±571","(X)","(X)","(X)","(X)","1,313","±351","(X)","(X)","(X)","(X)","297","±138","(X)","(X)","(X)","(X)","7,250","±1,102","(X)","(X)","(X)","(X)","748","±300","(X)","(X)","(X)","(X)","410","±162","(X)","(X)","(X)","(X)","2,928","±921","(X)","(X)","(X)","(X)","1,870","±657","(X)","(X)","(X)","(X)"
"        125 percent of poverty level","1,242,300","±18,267","(X)","(X)","(X)","(X)","3,202","±599","(X)","(X)","(X)","(X)","2,346","±497","(X)","(X)","(X)","(X)","12,846","±1,535","(X)","(X)","(X)","(X)","5,078","±904","(X)","(X)","(X)","(X)","5,034","±848","(X)","(X)","(X)","(X)","2,653","±503","(X)","(X)","(X)","(X)","5,938","±903","(X)","(X)","(X)","(X)","4,759","±766","(X)","(X)","(X)","(X)","1,362","±302","(X)","(X)","(X)","(X)","19,438","±1,649","(X)","(X)","(X)","(X)","2,671","±524","(X)","(X)","(X)","(X)","1,318","±368","(X)","(X)","(X)","(X)","9,009","±1,152","(X)","(X)","(X)","(X)","5,640","±846","(X)","(X)","(X)","(X)"
"        150 percent of poverty level","1,554,916","±19,108","(X)","(X)","(X)","(X)","3,887","±609","(X)","(X)","(X)","(X)","2,744","±510","(X)","(X)","(X)","(X)","17,108","±1,659","(X)","(X)","(X)","(X)","5,973","±931","(X)","(X)","(X)","(X)","6,358","±884","(X)","(X)","(X)","(X)","3,533","±544","(X)","(X)","(X)","(X)","7,382","±946","(X)","(X)","(X)","(X)","6,496","±825","(X)","(X)","(X)","(X)","1,815","±278","(X)","(X)","(X)","(X)","22,805","±1,755","(X)","(X)","(X)","(X)","3,919","±647","(X)","(X)","(X)","(X)","1,647","±369","(X)","(X)","(X)","(X)","10,839","±1,195","(X)","(X)","(X)","(X)","8,050","±949","(X)","(X)","(X)","(X)"
"        185 percent of poverty level","1,993,753","±20,169","(X)","(X)","(X)","(X)","4,954","±651","(X)","(X)","(X)","(X)","3,430","±477","(X)","(X)","(X)","(X)","21,226","±1,593","(X)","(X)","(X)","(X)","7,692","±955","(X)","(X)","(X)","(X)","8,617","±944","(X)","(X)","(X)","(X)","4,395","±528","(X)","(X)","(X)","(X)","9,502","±1,023","(X)","(X)","(X)","(X)","8,690","±872","(X)","(X)","(X)","(X)","2,078","±305","(X)","(X)","(X)","(X)","28,006","±1,752","(X)","(X)","(X)","(X)","4,978","±646","(X)","(X)","(X)","(X)","2,370","±282","(X)","(X)","(X)","(X)","15,707","±1,269","(X)","(X)","(X)","(X)","10,500","±1,161","(X)","(X)","(X)","(X)"
"        200 percent of poverty level","2,199,216","±20,771","(X)","(X)","(X)","(X)","5,188","±668","(X)","(X)","(X)","(X)","3,549","±472","(X)","(X)","(X)","(X)","23,640","±1,500","(X)","(X)","(X)","(X)","8,651","±933","(X)","(X)","(X)","(X)","9,128","±902","(X)","(X)","(X)","(X)","4,952","±550","(X)","(X)","(X)","(X)","10,443","±1,059","(X)","(X)","(X)","(X)","10,255","±789","(X)","(X)","(X)","(X)","2,241","±285","(X)","(X)","(X)","(X)","30,492","±1,804","(X)","(X)","(X)","(X)","5,760","±668","(X)","(X)","(X)","(X)","2,453","±293","(X)","(X)","(X)","(X)","17,472","±1,407","(X)","(X)","(X)","(X)","11,596","±1,051","(X)","(X)","(X)","(X)"
"        300 percent of poverty level","3,441,153","±21,661","(X)","(X)","(X)","(X)","8,345","±677","(X)","(X)","(X)","(X)","5,151","±434","(X)","(X)","(X)","(X)","35,655","±1,491","(X)","(X)","(X)","(X)","12,365","±993","(X)","(X)","(X)","(X)","13,294","±850","(X)","(X)","(X)","(X)","7,183","±596","(X)","(X)","(X)","(X)","16,091","±917","(X)","(X)","(X)","(X)","13,770","±765","(X)","(X)","(X)","(X)","3,058","±309","(X)","(X)","(X)","(X)","45,572","±1,447","(X)","(X)","(X)","(X)","10,416","±814","(X)","(X)","(X)","(X)","3,836","±362","(X)","(X)","(X)","(X)","27,226","±1,133","(X)","(X)","(X)","(X)","17,940","±925","(X)","(X)","(X)","(X)"
"        400 percent of poverty level","4,437,631","±19,802","(X)","(X)","(X)","(X)","11,352","±590","(X)","(X)","(X)","(X)","6,130","±374","(X)","(X)","(X)","(X)","45,462","±1,381","(X)","(X)","(X)","(X)","15,656","±869","(X)","(X)","(X)","(X)","16,270","±524","(X)","(X)","(X)","(X)","8,760","±550","(X)","(X)","(X)","(X)","19,257","±820","(X)","(X)","(X)","(X)","17,067","±764","(X)","(X)","(X)","(X)","3,688","±384","(X)","(X)","(X)","(X)","55,962","±1,542","(X)","(X)","(X)","(X)","13,794","±653","(X)","(X)","(X)","(X)","4,624","±324","(X)","(X)","(X)","(X)","32,322","±1,043","(X)","(X)","(X)","(X)","20,994","±911","(X)","(X)","(X)","(X)"
"        500 percent of poverty level","5,171,594","±16,823","(X)","(X)","(X)","(X)","12,443","±480","(X)","(X)","(X)","(X)","6,892","±222","(X)","(X)","(X)","(X)","51,787","±1,123","(X)","(X)","(X)","(X)","17,674","±632","(X)","(X)","(X)","(X)","17,382","±418","(X)","(X)","(X)","(X)","9,881","±443","(X)","(X)","(X)","(X)","22,147","±712","(X)","(X)","(X)","(X)","18,783","±642","(X)","(X)","(X)","(X)","4,054","±336","(X)","(X)","(X)","(X)","63,044","±1,399","(X)","(X)","(X)","(X)","16,066","±531","(X)","(X)","(X)","(X)","5,275","±368","(X)","(X)","(X)","(X)","36,040","±860","(X)","(X)","(X)","(X)","24,565","±644","(X)","(X)","(X)","(X)"
"UNRELATED INDIVIDUALS FOR WHOM POVERTY STATUS IS DETERMINED","1,387,523","±10,281","348,653","±5,543","25.1%","±0.3","2,774","±326","899","±273","32.4%","±8.5","1,458","±295","676","±208","46.4%","±8.8","11,834","±804","3,631","±497","30.7%","±3.4","3,936","±491","1,325","±334","33.7%","±6.4","3,544","±435","1,497","±277","42.2%","±5.9","2,167","±331","738","±170","34.1%","±6.7","4,430","±627","1,387","±299","31.3%","±6.2","4,130","±438","1,446","±358","35.0%","±6.7","918","±172","362","±113","39.4%","±10.6","17,464","±1,004","5,678","±576","32.5%","±3.3","3,096","±429","667","±189","21.5%","±4.9","1,034","±221","231","±92","22.3%","±7.9","7,896","±648","2,497","±439","31.6%","±4.2","5,682","±621","1,482","±293","26.1%","±5.9"
"    Male","675,140","±6,980","152,241","±4,048","22.5%","±0.5","1,546","±268","501","±217","32.4%","±11.2","670","±176","309","±138","46.1%","±13.6","5,574","±582","1,576","±356","28.3%","±5.4","1,944","±318","609","±246","31.3%","±9.9","1,588","±256","800","±202","50.4%","±10.6","1,158","±217","351","±121","30.3%","±9.0","2,120","±406","563","±185","26.6%","±8.0","1,805","±236","565","±158","31.3%","±7.7","410","±118","155","±63","37.8%","±12.8","9,286","±605","3,138","±413","33.8%","±4.7","1,517","±233","246","±94","16.2%","±5.8","510","±147","106","±56","20.8%","±9.2","3,863","±387","1,084","±224","28.1%","±4.9","2,841","±400","642","±190","22.6%","±7.0"
"    Female","712,383","±6,623","196,412","±3,737","27.6%","±0.4","1,228","±207","398","±126","32.4%","±9.2","788","±188","367","±148","46.6%","±12.9","6,260","±511","2,055","±366","32.8%","±4.6","1,992","±269","716","±228","35.9%","±9.4","1,956","±263","697","±166","35.6%","±8.1","1,009","±188","387","±125","38.4%","±9.9","2,310","±416","824","±236","35.7%","±9.3","2,325","±304","881","±271","37.9%","±9.0","508","±99","207","±92","40.7%","±14.9","8,178","±712","2,540","±389","31.1%","±4.0","1,579","±252","421","±133","26.7%","±6.9","524","±119","125","±56","23.9%","±10.2","4,033","±439","1,413","±327","35.0%","±6.3","2,841","±378","840","±274","29.6%","±9.1"
"    15 years","1,805","±493","1,794","±491","99.4%","±1.0","17","±35","17","±35","100.0%","±84.6","0","±20","0","±20","-","**","12","±29","12","±29","100.0%","±100.0","0","±26","0","±26","-","**","0","±22","0","±22","-","**","0","±22","0","±22","-","**","14","±26","14","±26","100.0%","±93.3","47","±52","47","±52","100.0%","±50.9","0","±20","0","±20","-","**","2","±4","2","±4","100.0%","±100.0","0","±26","0","±26","-","**","0","±20","0","±20","-","**","0","±30","0","±30","-","**","0","±26","0","±26","-","**"
"    16 to 17 years","4,722","±694","4,372","±689","92.6%","±2.8","16","±24","16","±24","100.0%","±87.2","0","±20","0","±20","-","**","11","±13","11","±13","100.0%","±100.0","0","±26","0","±26","-","**","0","±22","0","±22","-","**","0","±22","0","±22","-","**","30","±37","30","±37","100.0%","±63.7","0","±26","0","±26","-","**","0","±20","0","±20","-","**","48","±61","48","±61","100.0%","±50.4","0","±26","0","±26","-","**","0","±20","0","±20","-","**","94","±83","94","±83","100.0%","±35.7","4","±7","4","±7","100.0%","±100.0"
"    18 to 24 years","159,012","±3,342","66,610","±2,652","41.9%","±1.4","123","±78","104","±73","84.6%","±19.3","39","±61","27","±38","69.2%","±28.7","917","±320","303","±155","33.0%","±14.6","367","±182","179","±137","48.8%","±27.5","215","±102","140","±80","65.1%","±27.4","68","±62","32","±31","47.1%","±27.1","391","±161","190","±111","48.6%","±18.6","256","±116","126","±76","49.2%","±22.2","48","±43","18","±17","37.5%","±41.5","4,842","±553","2,589","±438","53.5%","±7.4","323","±147","120","±109","37.2%","±23.5","37","±37","0","±20","0.0%","±57.4","620","±180","227","±159","36.6%","±21.0","237","±98","59","±40","24.9%","±18.8"
"    25 to 34 years","275,242","±4,061","45,924","±2,105","16.7%","±0.7","389","±134","154","±107","39.6%","±21.2","46","±66","35","±58","76.1%","±44.2","1,203","±289","443","±166","36.8%","±10.0","527","±206","149","±117","28.3%","±18.5","365","±167","180","±102","49.3%","±23.2","295","±122","34","±37","11.5%","±12.8","563","±206","181","±123","32.1%","±19.0","545","±165","130","±91","23.9%","±14.2","48","±33","16","±20","33.3%","±44.1","2,750","±381","502","±199","18.3%","±6.5","523","±149","110","±67","21.0%","±13.1","112","±66","18","±19","16.1%","±17.6","1,248","±253","356","±139","28.5%","±10.0","606","±242","154","±104","25.4%","±14.1"
"    35 to 44 years","166,047","±4,465","35,457","±1,752","21.4%","±0.9","381","±152","141","±101","37.0%","±22.2","105","±89","90","±85","85.7%","±20.5","1,251","±344","391","±192","31.3%","±13.5","460","±183","85","±66","18.5%","±13.1","146","±95","60","±53","41.1%","±32.5","257","±117","128","±63","49.8%","±14.0","607","±189","168","±91","27.7%","±14.8","313","±117","168","±97","53.7%","±19.5","61","±45","26","±29","42.6%","±30.8","1,626","±317","397","±159","24.4%","±8.7","370","±132","64","±36","17.3%","±10.3","45","±44","2","±4","4.4%","±11.8","698","±172","169","±92","24.2%","±13.2","608","±245","176","±99","28.9%","±17.1"
"    45 to 54 years","170,449","±4,487","42,621","±2,018","25.0%","±1.0","309","±130","11","±13","3.6%","±4.4","273","±116","95","±53","34.8%","±18.0","1,086","±239","408","±187","37.6%","±12.5","499","±186","273","±169","54.7%","±22.2","414","±137","182","±87","44.0%","±19.0","223","±105","90","±58","40.4%","±20.4","796","±264","194","±102","24.4%","±12.4","445","±147","71","±50","16.0%","±11.1","101","±55","35","±27","34.7%","±28.9","1,424","±305","214","±118","15.0%","±7.5","365","±128","64","±58","17.5%","±15.3","202","±83","53","±61","26.2%","±27.0","1,181","±263","442","±148","37.4%","±10.4","1,028","±266","325","±165","31.6%","±17.2"
"    55 to 64 years","225,753","±4,046","66,380","±2,513","29.4%","±0.9","483","±133","165","±87","34.2%","±14.6","344","±127","185","±100","53.8%","±18.8","2,100","±350","666","±252","31.7%","±10.2","859","±250","349","±194","40.6%","±16.3","892","±195","452","±176","50.7%","±16.3","403","±155","134","±67","33.3%","±14.2","837","±265","321","±126","38.4%","±13.5","729","±202","298","±135","40.9%","±13.9","289","±97","156","±83","54.0%","±23.8","2,275","±380","664","±190","29.2%","±8.2","599","±186","147","±90","24.5%","±12.3","169","±80","49","±37","29.0%","±19.8","1,369","±287","606","±198","44.3%","±10.0","1,468","±321","310","±167","21.1%","±13.4"
"    65 to 74 years","209,357","±3,561","47,261","±1,912","22.6%","±0.8","573","±143","161","±82","28.1%","±14.2","263","±99","82","±55","31.2%","±16.5","2,689","±364","721","±242","26.8%","±7.9","715","±168","210","±148","29.4%","±17.8","761","±222","201","±122","26.4%","±12.8","500","±147","247","±115","49.4%","±15.8","631","±205","123","±73","19.5%","±10.7","1,204","±234","450","±173","37.4%","±12.5","190","±77","58","±36","30.5%","±15.3","2,457","±378","666","±212","27.1%","±7.2","490","±139","98","±64","20.0%","±12.4","241","±103","38","±33","15.8%","±12.1","1,448","±213","354","±128","24.4%","±7.7","1,007","±255","286","±156","28.4%","±12.5"
"    75 years and over","175,136","±2,916","38,234","±1,564","21.8%","±0.8","483","±87","130","±51","26.9%","±10.6","388","±121","162","±96","41.8%","±20.6","2,565","±336","676","±215","26.4%","±7.0","509","±109","80","±40","15.7%","±8.0","751","±182","282","±117","37.5%","±14.3","421","±120","73","±41","17.3%","±10.6","561","±175","166","±125","29.6%","±18.5","591","±174","156","±92","26.4%","±13.0","181","±70","53","±39","29.3%","±17.8","2,040","±289","596","±184","29.2%","±8.5","426","±99","64","±40","15.0%","±9.0","228","±84","71","±37","31.1%","±12.3","1,238","±227","249","±105","20.1%","±7.2","724","±164","168","±105","23.2%","±13.4"
"    Mean income deficit for unrelated individuals (dollars)","8,330","±79","(X)","(X)","(X)","(X)","9,676","±1,320","(X)","(X)","(X)","(X)","6,511","±1,152","(X)","(X)","(X)","(X)","8,388","±779","(X)","(X)","(X)","(X)","7,850","±976","(X)","(X)","(X)","(X)","6,777","±1,137","(X)","(X)","(X)","(X)","8,337","±1,235","(X)","(X)","(X)","(X)","8,871","±1,198","(X)","(X)","(X)","(X)","7,093","±896","(X)","(X)","(X)","(X)","8,065","±1,669","(X)","(X)","(X)","(X)","8,972","±596","(X)","(X)","(X)","(X)","7,564","±1,310","(X)","(X)","(X)","(X)","8,732","±1,514","(X)","(X)","(X)","(X)","8,314","±983","(X)","(X)","(X)","(X)","7,781","±1,119","(X)","(X)","(X)","(X)"
"    Worked full-time, year-round in the past 12 months","612,232","±7,990","23,416","±1,215","3.8%","±0.2","900","±208","22","±26","2.4%","±2.9","294","±135","52","±56","17.7%","±13.9","3,439","±437","79","±74","2.3%","±2.1","1,436","±286","85","±68","5.9%","±4.6","914","±235","131","±83","14.3%","±8.3","690","±202","28","±30","4.1%","±4.5","1,664","±438","109","±87","6.6%","±5.1","1,201","±256","44","±35","3.7%","±2.9","196","±79","21","±29","10.7%","±14.2","6,732","±754","273","±119","4.1%","±1.8","1,478","±302","73","±73","4.9%","±4.8","360","±149","38","±60","10.6%","±15.9","2,437","±356","185","±119","7.6%","±4.5","2,137","±517","177","±143","8.3%","±6.9"
"    Worked less than full-time, year-round in the past 12 months","276,885","±4,594","98,143","±2,947","35.4%","±0.8","414","±148","140","±93","33.8%","±17.7","166","±99","121","±91","72.9%","±22.7","2,024","±379","660","±163","32.6%","±8.0","399","±179","132","±78","33.1%","±17.5","378","±137","162","±99","42.9%","±19.8","354","±153","108","±59","30.5%","±17.9","998","±231","322","±145","32.3%","±13.1","802","±215","292","±135","36.4%","±13.0","100","±47","61","±39","61.0%","±26.0","5,000","±579","2,624","±426","52.5%","±5.8","480","±143","119","±59","24.8%","±10.5","111","±60","9","±12","8.1%","±10.7","1,454","±310","495","±183","34.0%","±10.8","905","±238","285","±130","31.5%","±14.3"
"    Did not work","498,406","±5,259","227,094","±4,481","45.6%","±0.7","1,460","±233","737","±224","50.5%","±10.3","998","±227","503","±183","50.4%","±11.3","6,371","±601","2,892","±496","45.4%","±5.5","2,101","±374","1,108","±316","52.7%","±9.1","2,252","±372","1,204","±289","53.5%","±8.0","1,123","±215","602","±168","53.6%","±9.5","1,768","±373","956","±265","54.1%","±10.0","2,127","±337","1,110","±282","52.2%","±8.8","622","±149","280","±94","45.0%","±12.3","5,732","±575","2,781","±469","48.5%","±5.8","1,138","±211","475","±143","41.7%","±9.5","563","±155","184","±70","32.7%","±10.0","4,005","±530","1,817","±393","45.4%","±5.7","2,640","±412","1,020","±261","38.6%","±8.2"
"    Population in housing units for whom poverty status is determined","6,891,898","±2,118","939,786","±15,729","13.6%","±0.2","14,673","±23","2,670","±550","18.2%","±3.7","7,559","±36","1,817","±419","24.0%","±5.6","62,868","±45","8,935","±1,346","14.2%","±2.1","20,638","±73","3,823","±805","18.5%","±3.9","18,941","±212","3,971","±747","21.0%","±4.0","11,833","±41","2,394","±488","20.2%","±4.1","25,867","±104","4,437","±832","17.2%","±3.2","22,619","±155","3,677","±746","16.3%","±3.3","4,997","±14","1,196","±288","23.9%","±5.8","78,814","±133","14,398","±1,432","18.3%","±1.8","20,161","±48","2,009","±526","10.0%","±2.6","6,236","±129","1,004","±315","16.1%","±5.0","41,414","±97","6,417","±1,022","15.5%","±2.5","27,768","±90","3,640","±775","13.1%","±2.8"