"Label (Grouping)","Tennessee!!Total!!Estimate","Tennessee!!Total!!Margin of Error","Tennessee!!Percent!!Estimate","Tennessee!!Percent!!Margin of Error","Tennessee!!Male!!Estimate","Tennessee!!Male!!Margin of Error","Tennessee!!Percent Male!!Estimate","Tennessee!!Percent Male!!Margin of Error","Tennessee!!Female!!Estimate","Tennessee!!Female!!Margin of Error","Tennessee!!Percent Female!!Estimate","Tennessee!!Percent Female!!Margin of Error","Cannon County, Tennessee!!Total!!Estimate","Cannon County, Tennessee!!Total!!Margin of Error","Cannon County, Tennessee!!Percent!!Estimate","Cannon County, Tennessee!!Percent!!Margin of Error","Cannon County, Tennessee!!Male!!Estimate","Cannon County, Tennessee!!Male!!Margin of Error","Cannon County, Tennessee!!Percent Male!!Estimate","Cannon County, Tennessee!!Percent Male!!Margin of Error","Cannon County, Tennessee!!Female!!Estimate","Cannon County, Tennessee!!Female!!Margin of Error","Cannon County, Tennessee!!Percent Female!!Estimate","Cannon County, Tennessee!!Percent Female!!Margin of Error","Clay County, Tennessee!!Total!!Estimate","Clay County, Tennessee!!Total!!Margin of Error","Clay County, Tennessee!!Percent!!Estimate","Clay County, Tennessee!!Percent!!Margin of Error","Clay County, Tennessee!!Male!!Estimate","Clay County, Tennessee!!Male!!Margin of Error","Clay County, Tennessee!!Percent Male!!Estimate","Clay County, Tennessee!!Percent Male!!Margin of Error","Clay County, Tennessee!!Female!!Estimate","Clay County, Tennessee!!Female!!Margin of Error","Clay County, Tennessee!!Percent Female!!Estimate","Clay County, Tennessee!!Percent Female!!Margin of Error","Cumberland County, Tennessee!!Total!!Estimate","Cumberland County, Tennessee!!Total!!Margin of Error","Cumberland County, Tennessee!!Percent!!Estimate","Cumberland County, Tennessee!!Percent!!Margin of Error","Cumberland County, Tennessee!!Male!!Estimate","Cumberland County, Tennessee!!Male!!Margin of Error","Cumberland County, Tennessee!!Percent Male!!Estimate","Cumberland County, Tennessee!!Percent Male!!Margin of Error","Cumberland County, Tennessee!!Female!!Estimate","Cumberland County, Tennessee!!Female!!Margin of Error","Cumberland County, Tennessee!!Percent Female!!Estimate","Cumberland County, Tennessee!!Percent Female!!Margin of Error","DeKalb County, Tennessee!!Total!!Estimate","DeKalb County, Tennessee!!Total!!Margin of Error","DeKalb County, Tennessee!!Percent!!Estimate","DeKalb County, Tennessee!!Percent!!Margin of Error","DeKalb County, Tennessee!!Male!!Estimate","DeKalb County, Tennessee!!Male!!Margin of Error","DeKalb County, Tennessee!!Percent Male!!Estimate","DeKalb County, Tennessee!!Percent Male!!Margin of Error","DeKalb County, Tennessee!!Female!!Estimate","DeKalb County, Tennessee!!Female!!Margin of Error","DeKalb County, Tennessee!!Percent Female!!Estimate","DeKalb County, Tennessee!!Percent Female!!Margin of Error","Fentress County, Tennessee!!Total!!Estimate","Fentress County, Tennessee!!Total!!Margin of Error","Fentress County, Tennessee!!Percent!!Estimate","Fentress County, Tennessee!!Percent!!Margin of Error","Fentress County, Tennessee!!Male!!Estimate","Fentress County, Tennessee!!Male!!Margin of Error","Fentress County, Tennessee!!Percent Male!!Estimate","Fentress County, Tennessee!!Percent Male!!Margin of Error","Fentress County, Tennessee!!Female!!Estimate","Fentress County, Tennessee!!Female!!Margin of Error","Fentress County, Tennessee!!Percent Female!!Estimate","Fentress County, Tennessee!!Percent Female!!Margin of Error","Jackson County, Tennessee!!Total!!Estimate","Jackson County, Tennessee!!Total!!Margin of Error","Jackson County, Tennessee!!Percent!!Estimate","Jackson County, Tennessee!!Percent!!Margin of Error","Jackson County, Tennessee!!Male!!Estimate","Jackson County, Tennessee!!Male!!Margin of Error","Jackson County, Tennessee!!Percent Male!!Estimate","Jackson County, Tennessee!!Percent Male!!Margin of Error","Jackson County, Tennessee!!Female!!Estimate","Jackson County, Tennessee!!Female!!Margin of Error","Jackson County, Tennessee!!Percent Female!!Estimate","Jackson County, Tennessee!!Percent Female!!Margin of Error","Macon County, Tennessee!!Total!!Estimate","Macon County, Tennessee!!Total!!Margin of Error","Macon County, Tennessee!!Percent!!Estimate","Macon County, Tennessee!!Percent!!Margin of Error","Macon County, Tennessee!!Male!!Estimate","Macon County, Tennessee!!Male!!Margin of Error","Macon County, Tennessee!!Percent Male!!Estimate","Macon County, Tennessee!!Percent Male!!Margin of Error","Macon County, Tennessee!!Female!!Estimate","Macon County, Tennessee!!Female!!Margin of Error","Macon County, Tennessee!!Percent Female!!Estimate","Macon County, Tennessee!!Percent Female!!Margin of Error","Overton County, Tennessee!!Total!!Estimate","Overton County, Tennessee!!Total!!Margin of Error","Overton County, Tennessee!!Percent!!Estimate","Overton County, Tennessee!!Percent!!Margin of Error","Overton County, Tennessee!!Male!!Estimate","Overton County, Tennessee!!Male!!Margin of Error","Overton County, Tennessee!!Percent Male!!Estimate","Overton County, Tennessee!!Percent Male!!Margin of Error","Overton County, Tennessee!!Female!!Estimate","Overton County, Tennessee!!Female!!Margin of Error","Overton County, Tennessee!!Percent Female!!Estimate","Overton County, Tennessee!!Percent Female!!Margin of Error","Pickett County, Tennessee!!Total!!Estimate","Pickett County, Tennessee!!Total!!Margin of Error","Pickett County, Tennessee!!Percent!!Estimate","Pickett County, Tennessee!!Percent!!Margin of Error","Pickett County, Tennessee!!Male!!Estimate","Pickett County, Tennessee!!Male!!Margin of Error","Pickett County, Tennessee!!Percent Male!!Estimate","Pickett County, Tennessee!!Percent Male!!Margin of Error","Pickett County, Tennessee!!Female!!Estimate","Pickett County, Tennessee!!Female!!Margin of Error","Pickett County, Tennessee!!Percent Female!!Estimate","Pickett County, Tennessee!!Percent Female!!Margin of Error","Putnam County, Tennessee!!Total!!Estimate","Putnam County, Tennessee!!Total!!Margin of Error","Putnam County, Tennessee!!Percent!!Estimate","Putnam County, Tennessee!!Percent!!Margin of Error","Putnam County, Tennessee!!Male!!Estimate","Putnam County, Tennessee!!Male!!Margin of Error","Putnam County, Tennessee!!Percent Male!!Estimate","Putnam County, Tennessee!!Percent Male!!Margin of Error","Putnam County, Tennessee!!Female!!Estimate","Putnam County, Tennessee!!Female!!Margin of Error","Putnam County, Tennessee!!Percent Female!!Estimate","Putnam County, Tennessee!!Percent Female!!Margin of Error","Smith County, Tennessee!!Total!!Estimate","Smith County, Tennessee!!Total!!Margin of Error","Smith County, Tennessee!!Percent!!Estimate","Smith County, Tennessee!!Percent!!Margin of Error","Smith County, Tennessee!!Male!!Estimate","Smith County, Tennessee!!Male!!Margin of Error","Smith County, Tennessee!!Percent Male!!Estimate","Smith County, Tennessee!!Percent Male!!Margin of Error","Smith County, Tennessee!!Female!!Estimate","Smith County, Tennessee!!Female!!Margin of Error","Smith County, Tennessee!!Percent Female!!Estimate","Smith County, Tennessee!!Percent Female!!Margin of Error","Van Buren County, Tennessee!!Total!!Estimate","Van Buren County, Tennessee!!Total!!Margin of Error","Van Buren County, Tennessee!!Percent!!Estimate","Van Buren County, Tennessee!!Percent!!Margin of Error","Van Buren County, Tennessee!!Male!!Estimate","Van Buren County, Tennessee!!Male!!Margin of Error","Van Buren County, Tennessee!!Percent Male!!Estimate","Van Buren County, Tennessee!!Percent Male!!Margin of Error","Van Buren County, Tennessee!!Female!!Estimate","Van Buren County, Tennessee!!Female!!Margin of Error","Van Buren County, Tennessee!!Percent Female!!Estimate","Van Buren County, Tennessee!!Percent Female!!Margin of Error","Warren County, Tennessee!!Total!!Estimate","Warren County, Tennessee!!Total!!Margin of Error","Warren County, Tennessee!!Percent!!Estimate","Warren County, Tennessee!!Percent!!Margin of Error","Warren County, Tennessee!!Male!!Estimate","Warren County, Tennessee!!Male!!Margin of Error","Warren County, Tennessee!!Percent Male!!Estimate","Warren County, Tennessee!!Percent Male!!Margin of Error","Warren County, Tennessee!!Female!!Estimate","Warren County, Tennessee!!Female!!Margin of Error","Warren County, Tennessee!!Percent Female!!Estimate","Warren County, Tennessee!!Percent Female!!Margin of Error","White County, Tennessee!!Total!!Estimate","White County, Tennessee!!Total!!Margin of Error","White County, Tennessee!!Percent!!Estimate","White County, Tennessee!!Percent!!Margin of Error","White County, Tennessee!!Male!!Estimate","White County, Tennessee!!Male!!Margin of Error","White County, Tennessee!!Percent Male!!Estimate","White County, Tennessee!!Percent Male!!Margin of Error","White County, Tennessee!!Female!!Estimate","White County, Tennessee!!Female!!Margin of Error","White County, Tennessee!!Percent Female!!Estimate","White County, Tennessee!!Percent Female!!Margin of Error"
"Total population","7,066,383","*****","(X)","(X)","3,467,734","±1,520","(X)","(X)","3,598,649","±1,520","(X)","(X)","14,818","*****","(X)","(X)","7,569","±114","(X)","(X)","7,249","±114","(X)","(X)","7,670","*****","(X)","(X)","3,730","±86","(X)","(X)","3,940","±86","(X)","(X)","63,553","*****","(X)","(X)","30,985","±253","(X)","(X)","32,568","±253","(X)","(X)","20,959","*****","(X)","(X)","10,466","±179","(X)","(X)","10,493","±179","(X)","(X)","19,309","*****","(X)","(X)","9,533","±174","(X)","(X)","9,776","±174","(X)","(X)","12,029","*****","(X)","(X)","6,089","±85","(X)","(X)","5,940","±85","(X)","(X)","26,240","*****","(X)","(X)","12,966","±171","(X)","(X)","13,274","±171","(X)","(X)","23,065","*****","(X)","(X)","11,608","±84","(X)","(X)","11,457","±84","(X)","(X)","5,079","*****","(X)","(X)","2,623","±51","(X)","(X)","2,456","±51","(X)","(X)","82,558","*****","(X)","(X)","41,180","±147","(X)","(X)","41,378","±147","(X)","(X)","20,389","*****","(X)","(X)","10,295","±113","(X)","(X)","10,094","±113","(X)","(X)","6,437","*****","(X)","(X)","3,288","±62","(X)","(X)","3,149","±62","(X)","(X)","42,166","*****","(X)","(X)","21,075","±230","(X)","(X)","21,091","±230","(X)","(X)","28,160","*****","(X)","(X)","13,952","±186","(X)","(X)","14,208","±186","(X)","(X)"
"    AGE","","","","","","","","","","","","","","","","","","","","","","","","","","","","","","","","","","","","","","","","","","","","","","","","","","","","","","","","","","","","","","","","","","","","","","","","","","","","","","","","","","","","","","","","","","","","","","","","","","","","","","","","","","","","","","","","","","","","","","","","","","","","","","","","","","","","","","","","","","","","","","","","","","","","","","","","","","","","","","","","","","","","","","","","","","","","","","","","","","","",""
"        Under 5 years","410,924","±873","5.8%","±0.1","210,517","±944","6.1%","±0.1","200,407","±949","5.6%","±0.1","857","±72","5.8%","±0.5","443","±53","5.9%","±0.7","414","±42","5.7%","±0.6","323","±20","4.2%","±0.6","140","±40","3.8%","±1.0","183","±40","4.6%","±1.0","2,711","±163","4.3%","±0.3","1,244","±30","4.0%","±0.1","1,467","±160","4.5%","±0.5","1,535","±108","7.3%","±0.5","777","±161","7.4%","±1.4","758","±146","7.2%","±1.3","1,031","±53","5.3%","±0.3","518","±48","5.4%","±0.5","513","±33","5.2%","±0.3","548","±44","4.6%","±0.4","272","±20","4.5%","±0.3","276","±42","4.6%","±0.7","1,658","±33","6.3%","±0.1","836","±64","6.4%","±0.5","822","±56","6.2%","±0.4","1,150","±20","5.0%","±0.1","577","±7","5.0%","±0.1","573","±18","5.0%","±0.2","206","±6","4.1%","±0.1","148","±39","5.6%","±1.4","58","±38","2.4%","±1.5","4,526","±101","5.5%","±0.1","2,415","±86","5.9%","±0.2","2,111","±68","5.1%","±0.2","1,114","±76","5.5%","±0.4","600","±74","5.8%","±0.7","514","±25","5.1%","±0.3","345","±26","5.4%","±0.4","184","±18","5.6%","±0.5","161","±11","5.1%","±0.4","2,483","±109","5.9%","±0.3","1,346","±145","6.4%","±0.7","1,137","±99","5.4%","±0.4","1,536","±123","5.5%","±0.4","826","±99","5.9%","±0.7","710","±78","5.0%","±0.5"
"        5 to 9 years","427,842","±4,605","6.1%","±0.1","219,155","±3,363","6.3%","±0.1","208,687","±3,280","5.8%","±0.1","912","±151","6.2%","±1.0","531","±130","7.0%","±1.7","381","±83","5.3%","±1.1","249","±57","3.2%","±0.7","146","±42","3.9%","±1.1","103","±38","2.6%","±1.0","2,690","±237","4.2%","±0.4","1,321","±232","4.3%","±0.7","1,369","±197","4.2%","±0.6","1,231","±189","5.9%","±0.9","697","±130","6.7%","±1.2","534","±140","5.1%","±1.3","1,224","±201","6.3%","±1.0","653","±144","6.8%","±1.5","571","±142","5.8%","±1.5","647","±101","5.4%","±0.8","308","±60","5.1%","±1.0","339","±104","5.7%","±1.7","1,958","±190","7.5%","±0.7","1,008","±127","7.8%","±1.0","950","±201","7.2%","±1.5","1,258","±203","5.5%","±0.9","583","±116","5.0%","±1.0","675","±131","5.9%","±1.1","281","±64","5.5%","±1.3","157","±31","6.0%","±1.2","124","±51","5.0%","±2.1","4,579","±381","5.5%","±0.5","2,099","±307","5.1%","±0.7","2,480","±350","6.0%","±0.8","1,146","±155","5.6%","±0.8","619","±137","6.0%","±1.3","527","±102","5.2%","±1.0","324","±64","5.0%","±1.0","173","±56","5.3%","±1.7","151","±53","4.8%","±1.7","2,963","±421","7.0%","±1.0","1,473","±265","7.0%","±1.3","1,490","±281","7.1%","±1.3","1,762","±211","6.3%","±0.8","911","±166","6.5%","±1.2","851","±123","6.0%","±0.9"
"        10 to 14 years","449,752","±4,716","6.4%","±0.1","230,909","±3,513","6.7%","±0.1","218,843","±3,156","6.1%","±0.1","954","±173","6.4%","±1.2","527","±121","7.0%","±1.6","427","±98","5.9%","±1.3","527","±57","6.9%","±0.7","237","±42","6.4%","±1.2","290","±38","7.4%","±1.0","3,399","±269","5.3%","±0.4","1,827","±212","5.9%","±0.7","1,572","±194","4.8%","±0.6","1,064","±196","5.1%","±0.9","468","±133","4.5%","±1.3","596","±157","5.7%","±1.5","1,014","±195","5.3%","±1.0","487","±147","5.1%","±1.5","527","±133","5.4%","±1.3","631","±108","5.2%","±0.9","318","±71","5.2%","±1.2","313","±109","5.3%","±1.8","1,937","±177","7.4%","±0.7","997","±119","7.7%","±0.9","940","±184","7.1%","±1.4","1,458","±208","6.3%","±0.9","823","±117","7.1%","±1.0","635","±130","5.5%","±1.1","211","±56","4.2%","±1.1","71","±32","2.7%","±1.2","140","±39","5.7%","±1.6","4,948","±393","6.0%","±0.5","2,729","±300","6.6%","±0.7","2,219","±370","5.4%","±0.9","1,401","±175","6.9%","±0.9","725","±158","7.0%","±1.5","676","±120","6.7%","±1.2","390","±70","6.1%","±1.1","220","±62","6.7%","±1.9","170","±53","5.4%","±1.7","2,645","±432","6.3%","±1.0","1,354","±271","6.4%","±1.3","1,291","±280","6.1%","±1.3","1,678","±228","6.0%","±0.8","860","±193","6.2%","±1.4","818","±149","5.8%","±1.0"
"        15 to 19 years","449,364","±1,495","6.4%","±0.1","229,864","±1,276","6.6%","±0.1","219,500","±1,086","6.1%","±0.1","887","±193","6.0%","±1.3","586","±184","7.7%","±2.4","301","±46","4.2%","±0.6","514","±112","6.7%","±1.5","240","±87","6.4%","±2.3","274","±98","7.0%","±2.5","2,754","±127","4.3%","±0.2","1,384","±32","4.5%","±0.1","1,370","±115","4.2%","±0.4","1,135","±144","5.4%","±0.7","625","±94","6.0%","±0.9","510","±98","4.9%","±0.9","1,038","±27","5.4%","±0.1","583","±145","6.1%","±1.4","455","±146","4.7%","±1.4","626","±94","5.2%","±0.8","361","±79","5.9%","±1.3","265","±66","4.5%","±1.1","1,500","±139","5.7%","±0.5","770","±141","5.9%","±1.1","730","±47","5.5%","±0.4","1,396","±46","6.1%","±0.2","794","±48","6.8%","±0.4","602","±11","5.3%","±0.1","256","±62","5.0%","±1.2","198","±58","7.5%","±2.2","58","±43","2.4%","±1.7","6,798","±271","8.2%","±0.3","3,506","±229","8.5%","±0.5","3,292","±178","8.0%","±0.4","1,303","±67","6.4%","±0.3","659","±53","6.4%","±0.5","644","±57","6.4%","±0.5","364","±28","5.7%","±0.4","263","±44","8.0%","±1.3","101","±48","3.2%","±1.5","2,581","±203","6.1%","±0.5","1,398","±160","6.6%","±0.7","1,183","±158","5.6%","±0.7","1,598","±77","5.7%","±0.3","767","±25","5.5%","±0.2","831","±68","5.8%","±0.4"
"        20 to 24 years","458,171","±1,495","6.5%","±0.1","231,201","±1,092","6.7%","±0.1","226,970","±905","6.3%","±0.1","735","±105","5.0%","±0.7","326","±90","4.3%","±1.2","409","±40","5.6%","±0.6","365","±140","4.8%","±1.8","185","±107","5.0%","±2.9","180","±88","4.6%","±2.3","2,650","±111","4.2%","±0.2","1,404","±96","4.5%","±0.3","1,246","±64","3.8%","±0.2","1,168","±161","5.6%","±0.8","601","±91","5.7%","±0.9","567","±123","5.4%","±1.2","1,025","±55","5.3%","±0.3","518","±18","5.4%","±0.2","507","±48","5.2%","±0.5","545","±110","4.5%","±0.9","284","±77","4.7%","±1.3","261","±69","4.4%","±1.2","1,516","±199","5.8%","±0.8","848","±190","6.5%","±1.5","668","±52","5.0%","±0.4","1,289","±60","5.6%","±0.3","714","±52","6.2%","±0.5","575","±26","5.0%","±0.2","272","±93","5.4%","±1.8","133","±55","5.1%","±2.1","139","±75","5.7%","±3.0","8,447","±321","10.2%","±0.4","4,613","±210","11.2%","±0.5","3,834","±210","9.3%","±0.5","1,074","±54","5.3%","±0.3","569","±43","5.5%","±0.4","505","±42","5.0%","±0.4","331","±78","5.1%","±1.2","165","±74","5.0%","±2.2","166","±26","5.3%","±0.8","2,389","±194","5.7%","±0.5","1,251","±197","5.9%","±1.0","1,138","±63","5.4%","±0.3","1,341","±47","4.8%","±0.2","704","±40","5.0%","±0.3","637","±21","4.5%","±0.2"
"        25 to 29 years","484,230","±1,292","6.9%","±0.1","241,525","±876","7.0%","±0.1","242,705","±897","6.7%","±0.1","950","±59","6.4%","±0.4","456","±13","6.0%","±0.2","494","±58","6.8%","±0.8","298","±131","3.9%","±1.7","185","±102","5.0%","±2.7","113","±67","2.9%","±1.7","2,978","±151","4.7%","±0.2","1,505","±74","4.9%","±0.3","1,473","±108","4.5%","±0.3","1,384","±161","6.6%","±0.8","731","±105","7.0%","±0.9","653","±82","6.2%","±0.8","983","±20","5.1%","±0.1","500","±11","5.2%","±0.2","483","±16","4.9%","±0.2","651","±22","5.4%","±0.4","331","±22","5.4%","±0.1","320","±22","5.4%","±0.1","1,715","±61","6.5%","±0.2","834","±21","6.4%","±0.2","881","±58","6.6%","±0.4","1,470","±57","6.4%","±0.2","746","±35","6.4%","±0.3","724","±51","6.3%","±0.4","225","±64","4.4%","±1.3","112","±20","4.3%","±0.1","113","±64","4.6%","±2.6","5,730","±255","6.9%","±0.3","3,083","±186","7.5%","±0.5","2,647","±143","6.4%","±0.3","1,313","±83","6.4%","±0.4","685","±71","6.7%","±0.7","628","±34","6.2%","±0.3","314","±84","4.9%","±1.3","149","±81","4.5%","±2.5","165","±26","5.2%","±0.8","2,629","±203","6.2%","±0.5","1,390","±160","6.6%","±0.7","1,239","±134","5.9%","±0.6","1,693","±80","6.0%","±0.3","892","±83","6.4%","±0.6","801","±40","5.6%","±0.3"
"        30 to 34 years","493,168","±1,220","7.0%","±0.1","244,523","±799","7.1%","±0.1","248,645","±820","6.9%","±0.1","1,065","±103","7.2%","±0.7","549","±80","7.3%","±1.0","516","±79","7.1%","±1.0","209","±97","2.7%","±1.3","67","±71","1.8%","±1.9","142","±88","3.6%","±2.2","3,164","±139","5.0%","±0.2","1,626","±116","5.2%","±0.4","1,538","±85","4.7%","±0.3","1,316","±90","6.3%","±0.4","727","±90","6.9%","±0.9","589","±36","5.6%","±0.3","1,047","±74","5.4%","±0.4","560","±73","5.9%","±0.7","487","±9","5.0%","±0.1","776","±68","6.5%","±0.6","414","±56","6.8%","±0.9","362","±39","6.1%","±0.6","1,748","±94","6.7%","±0.4","816","±24","6.3%","±0.2","932","±88","7.0%","±0.7","1,363","±43","5.9%","±0.2","707","±35","6.1%","±0.3","656","±26","5.7%","±0.2","137","±38","2.7%","±0.7","104","±20","4.0%","±0.1","33","±38","1.3%","±1.5","5,394","±241","6.5%","±0.3","2,851","±197","6.9%","±0.5","2,543","±108","6.1%","±0.3","1,325","±64","6.5%","±0.3","687","±50","6.7%","±0.5","638","±40","6.3%","±0.4","338","±22","5.3%","±0.3","163","±20","5.0%","±0.1","175","±22","5.6%","±0.7","2,797","±191","6.6%","±0.5","1,353","±139","6.4%","±0.6","1,444","±106","6.8%","±0.5","1,878","±141","6.7%","±0.5","935","±67","6.7%","±0.5","943","±91","6.6%","±0.6"
"        35 to 39 years","460,712","±4,703","6.5%","±0.1","227,457","±3,348","6.6%","±0.1","233,255","±2,994","6.5%","±0.1","1,046","±176","7.1%","±1.2","530","±119","7.0%","±1.6","516","±118","7.1%","±1.6","605","±123","7.9%","±1.6","361","±110","9.7%","±3.0","244","±101","6.2%","±2.6","2,818","±353","4.4%","±0.6","1,410","±222","4.6%","±0.7","1,408","±269","4.3%","±0.8","1,178","±244","5.6%","±1.2","646","±108","6.2%","±1.0","532","±192","5.1%","±1.8","1,095","±268","5.7%","±1.4","502","±203","5.3%","±2.1","593","±163","6.1%","±1.7","689","±133","5.7%","±1.1","349","±93","5.7%","±1.5","340","±87","5.7%","±1.5","1,392","±239","5.3%","±0.9","680","±165","5.2%","±1.3","712","±171","5.4%","±1.3","1,000","±163","4.3%","±0.7","461","±109","4.0%","±0.9","539","±133","4.7%","±1.2","322","±88","6.3%","±1.7","164","±69","6.3%","±2.6","158","±49","6.4%","±2.0","4,472","±453","5.4%","±0.5","2,416","±312","5.9%","±0.8","2,056","±330","5.0%","±0.8","1,278","±182","6.3%","±0.9","598","±125","5.8%","±1.2","680","±129","6.7%","±1.3","400","±76","6.2%","±1.2","258","±59","7.8%","±1.8","142","±60","4.5%","±1.9","2,695","±336","6.4%","±0.8","1,283","±221","6.1%","±1.0","1,412","±225","6.7%","±1.1","1,579","±306","5.6%","±1.1","750","±181","5.4%","±1.3","829","±200","5.8%","±1.4"
"        40 to 44 years","445,794","±4,347","6.3%","±0.1","220,922","±3,304","6.4%","±0.1","224,872","±2,954","6.2%","±0.1","769","±169","5.2%","±1.1","394","±107","5.2%","±1.4","375","±138","5.2%","±1.9","451","±159","5.9%","±2.1","157","±96","4.2%","±2.5","294","±129","7.5%","±3.2","3,171","±394","5.0%","±0.6","1,436","±219","4.6%","±0.7","1,735","±314","5.3%","±1.0","1,282","±284","6.1%","±1.4","555","±160","5.3%","±1.5","727","±210","6.9%","±2.0","948","±267","4.9%","±1.4","508","±203","5.3%","±2.2","440","±157","4.5%","±1.6","598","±147","5.0%","±1.2","306","±103","5.0%","±1.7","292","±81","4.9%","±1.4","1,988","±191","7.6%","±0.7","1,044","±134","8.1%","±1.0","944","±165","7.1%","±1.2","1,547","±174","6.7%","±0.8","840","±125","7.2%","±1.1","707","±136","6.2%","±1.2","275","±92","5.4%","±1.8","107","±60","4.1%","±2.3","168","±57","6.8%","±2.3","4,854","±465","5.9%","±0.6","2,340","±328","5.7%","±0.8","2,514","±329","6.1%","±0.8","1,223","±162","6.0%","±0.8","678","±125","6.6%","±1.2","545","±125","5.4%","±1.2","251","±76","3.9%","±1.2","82","±60","2.5%","±1.8","169","±60","5.4%","±1.9","2,594","±381","6.2%","±0.9","1,383","±221","6.6%","±1.1","1,211","±232","5.7%","±1.1","1,634","±283","5.8%","±1.0","789","±171","5.7%","±1.2","845","±171","5.9%","±1.2"
"        45 to 49 years","423,995","±1,040","6.0%","±0.1","209,666","±803","6.0%","±0.1","214,329","±743","6.0%","±0.1","861","±57","5.8%","±0.4","437","±35","5.8%","±0.4","424","±30","5.8%","±0.4","429","±20","5.6%","±0.6","217","±20","5.8%","±0.1","212","±20","5.4%","±0.1","2,987","±110","4.7%","±0.2","1,429","±46","4.6%","±0.2","1,558","±96","4.8%","±0.3","1,190","±62","5.7%","±0.3","577","±38","5.5%","±0.4","613","±53","5.8%","±0.5","1,099","±41","5.7%","±0.2","561","±41","5.9%","±0.4","538","±22","5.5%","±0.1","740","±26","6.2%","±0.2","386","±26","6.3%","±0.4","354","±4","6.0%","±0.1","1,551","±139","5.9%","±0.5","713","±34","5.5%","±0.3","838","±107","6.3%","±0.8","1,494","±62","6.5%","±0.3","760","±50","6.5%","±0.4","734","±41","6.4%","±0.4","278","±9","5.5%","±0.2","130","±20","5.0%","±0.1","148","±9","6.0%","±0.4","4,603","±233","5.6%","±0.3","2,145","±118","5.2%","±0.3","2,458","±180","5.9%","±0.4","1,315","±71","6.4%","±0.4","588","±28","5.7%","±0.3","727","±60","7.2%","±0.6","385","±20","6.0%","±0.3","191","±18","5.8%","±0.5","194","±8","6.2%","±0.3","2,674","±196","6.3%","±0.5","1,300","±102","6.2%","±0.5","1,374","±126","6.5%","±0.6","1,686","±85","6.0%","±0.3","856","±63","6.1%","±0.5","830","±36","5.8%","±0.3"
"        50 to 54 years","449,245","±1,050","6.4%","±0.1","222,397","±836","6.4%","±0.1","226,848","±568","6.3%","±0.1","1,004","±14","6.8%","±0.1","515","±22","6.8%","±0.1","489","±14","6.7%","±0.2","593","±95","7.7%","±1.2","332","±94","8.9%","±2.5","261","±19","6.6%","±0.5","3,720","±130","5.9%","±0.2","1,894","±111","6.1%","±0.4","1,826","±74","5.6%","±0.2","1,353","±64","6.5%","±0.3","687","±63","6.6%","±0.6","666","±20","6.3%","±0.2","1,307","±21","6.8%","±0.1","626","±15","6.6%","±0.2","681","±14","7.0%","±0.2","848","±33","7.0%","±0.3","425","±19","7.0%","±0.3","423","±28","7.1%","±0.5","1,646","±29","6.3%","±0.1","851","±28","6.6%","±0.2","795","±3","6.0%","±0.1","1,561","±26","6.8%","±0.1","770","±23","6.6%","±0.2","791","±11","6.9%","±0.1","327","±8","6.4%","±0.2","166","±8","6.3%","±0.3","161","±2","6.6%","±0.2","4,846","±179","5.9%","±0.2","2,219","±81","5.4%","±0.2","2,627","±172","6.3%","±0.4","1,398","±66","6.9%","±0.3","672","±38","6.5%","±0.4","726","±61","7.2%","±0.6","477","±22","7.4%","±0.3","234","±5","7.1%","±0.2","243","±22","7.7%","±0.7","2,602","±130","6.2%","±0.3","1,385","±113","6.6%","±0.5","1,217","±58","5.8%","±0.3","1,832","±66","6.5%","±0.2","919","±52","6.6%","±0.4","913","±26","6.4%","±0.2"
"        55 to 59 years","450,848","±4,124","6.4%","±0.1","220,026","±2,947","6.3%","±0.1","230,822","±3,200","6.4%","±0.1","1,190","±155","8.0%","±1.0","740","±101","9.8%","±1.3","450","±110","6.2%","±1.5","608","±117","7.9%","±1.5","288","±84","7.7%","±2.2","320","±75","8.1%","±1.9","4,637","±345","7.3%","±0.5","2,382","±220","7.7%","±0.7","2,255","±281","6.9%","±0.9","1,445","±199","6.9%","±0.9","708","±145","6.8%","±1.4","737","±141","7.0%","±1.3","1,263","±184","6.5%","±1.0","716","±167","7.5%","±1.8","547","±126","5.6%","±1.3","1,058","±180","8.8%","±1.5","520","±117","8.5%","±1.9","538","±93","9.1%","±1.6","2,049","±338","7.8%","±1.3","982","±199","7.6%","±1.5","1,067","±207","8.0%","±1.6","1,301","±259","5.6%","±1.1","668","±156","5.8%","±1.3","633","±144","5.5%","±1.3","430","±111","8.5%","±2.2","196","±64","7.5%","±2.4","234","±76","9.5%","±3.1","4,110","±409","5.0%","±0.5","2,089","±273","5.1%","±0.7","2,021","±283","4.9%","±0.7","1,594","±223","7.8%","±1.1","932","±139","9.1%","±1.3","662","±147","6.6%","±1.5","464","±99","7.2%","±1.5","305","±78","9.3%","±2.4","159","±65","5.0%","±2.0","2,726","±308","6.5%","±0.7","1,355","±237","6.4%","±1.1","1,371","±221","6.5%","±1.0","1,993","±317","7.1%","±1.1","891","±211","6.4%","±1.5","1,102","±173","7.8%","±1.2"
"        60 to 64 years","456,391","±4,086","6.5%","±0.1","218,885","±2,903","6.3%","±0.1","237,506","±3,122","6.6%","±0.1","963","±152","6.5%","±1.0","351","±98","4.6%","±1.3","612","±112","8.4%","±1.5","585","±115","7.6%","±1.5","308","±80","8.3%","±2.2","277","±78","7.0%","±2.0","5,271","±340","8.3%","±0.5","2,255","±223","7.3%","±0.7","3,016","±269","9.3%","±0.8","1,745","±226","8.3%","±1.1","836","±154","8.0%","±1.5","909","±146","8.7%","±1.4","1,737","±181","9.0%","±0.9","724","±162","7.6%","±1.7","1,013","±124","10.4%","±1.3","870","±183","7.2%","±1.5","464","±123","7.6%","±2.0","406","±95","6.8%","±1.6","1,543","±287","5.9%","±1.1","795","±170","6.1%","±1.3","748","±185","5.6%","±1.4","2,043","±269","8.9%","±1.2","966","±154","8.3%","±1.3","1,077","±158","9.4%","±1.4","438","±111","8.6%","±2.2","237","±63","9.0%","±2.4","201","±74","8.2%","±3.0","5,628","±402","6.8%","±0.5","2,614","±277","6.3%","±0.7","3,014","±286","7.3%","±0.7","1,506","±217","7.4%","±1.1","654","±134","6.4%","±1.3","852","±141","8.4%","±1.4","509","±98","7.9%","±1.5","172","±80","5.2%","±2.4","337","±61","10.7%","±2.0","2,836","±280","6.7%","±0.7","1,435","±233","6.8%","±1.1","1,401","±214","6.6%","±1.0","1,971","±318","7.0%","±1.1","1,061","±205","7.6%","±1.5","910","±176","6.4%","±1.3"
"        65 to 69 years","399,484","±3,791","5.7%","±0.1","187,465","±2,496","5.4%","±0.1","212,019","±2,633","5.9%","±0.1","918","±120","6.2%","±0.8","403","±85","5.3%","±1.1","515","±91","7.1%","±1.3","566","±103","7.4%","±1.3","227","±65","6.1%","±1.8","339","±86","8.6%","±2.1","6,330","±426","10.0%","±0.7","3,009","±266","9.7%","±0.8","3,321","±277","10.2%","±0.9","1,260","±180","6.0%","±0.9","701","±119","6.7%","±1.1","559","±114","5.3%","±1.1","1,410","±225","7.3%","±1.2","752","±135","7.9%","±1.4","658","±158","6.7%","±1.6","1,020","±152","8.5%","±1.3","606","±108","10.0%","±1.8","414","±99","7.0%","±1.7","1,560","±203","5.9%","±0.8","695","±143","5.4%","±1.1","865","±127","6.5%","±1.0","1,676","±192","7.3%","±0.8","901","±120","7.8%","±1.0","775","±143","6.8%","±1.2","308","±71","6.1%","±1.4","99","±42","3.8%","±1.6","209","±59","8.5%","±2.4","4,498","±381","5.4%","±0.5","2,037","±208","4.9%","±0.5","2,461","±291","5.9%","±0.7","1,151","±174","5.6%","±0.9","563","±114","5.5%","±1.1","588","±105","5.8%","±1.1","506","±109","7.9%","±1.7","255","±80","7.8%","±2.4","251","±58","8.0%","±1.9","2,401","±233","5.7%","±0.6","1,026","±167","4.9%","±0.8","1,375","±159","6.5%","±0.8","1,940","±270","6.9%","±1.0","1,099","±196","7.9%","±1.4","841","±153","5.9%","±1.1"
"        70 to 74 years","329,703","±3,697","4.7%","±0.1","152,299","±2,469","4.4%","±0.1","177,404","±2,574","4.9%","±0.1","662","±119","4.5%","±0.8","338","±82","4.5%","±1.1","324","±89","4.5%","±1.2","528","±97","6.9%","±1.3","271","±66","7.3%","±1.8","257","±74","6.5%","±1.9","5,669","±432","8.9%","±0.7","2,662","±269","8.6%","±0.9","3,007","±280","9.2%","±0.9","1,173","±194","5.6%","±0.9","473","±114","4.5%","±1.1","700","±141","6.7%","±1.3","1,310","±214","6.8%","±1.1","569","±132","6.0%","±1.4","741","±153","7.6%","±1.6","750","±147","6.2%","±1.2","255","±101","4.2%","±1.7","495","±106","8.3%","±1.8","902","±208","3.4%","±0.8","461","±143","3.6%","±1.1","441","±133","3.3%","±1.0","1,238","±174","5.4%","±0.8","507","±111","4.4%","±1.0","731","±128","6.4%","±1.1","497","±71","9.8%","±1.4","308","±45","11.7%","±1.7","189","±59","7.7%","±2.4","3,651","±342","4.4%","±0.4","1,654","±206","4.0%","±0.5","1,997","±270","4.8%","±0.7","947","±176","4.6%","±0.9","482","±116","4.7%","±1.1","465","±105","4.6%","±1.0","418","±106","6.5%","±1.6","192","±80","5.8%","±2.4","226","±55","7.2%","±1.8","2,141","±252","5.1%","±0.6","1,110","±155","5.3%","±0.7","1,031","±166","4.9%","±0.8","1,708","±284","6.1%","±1.0","681","±184","4.9%","±1.3","1,027","±177","7.2%","±1.2"
"        75 to 79 years","225,356","±2,716","3.2%","±0.1","102,412","±1,480","3.0%","±0.1","122,944","±1,943","3.4%","±0.1","426","±117","2.9%","±0.8","199","±72","2.6%","±1.0","227","±82","3.1%","±1.1","404","±110","5.3%","±1.4","201","±65","5.4%","±1.7","203","±85","5.2%","±2.2","4,122","±356","6.5%","±0.6","2,180","±255","7.0%","±0.8","1,942","±214","6.0%","±0.6","716","±117","3.4%","±0.6","412","±65","3.9%","±0.6","304","±95","2.9%","±0.9","901","±175","4.7%","±0.9","337","±112","3.5%","±1.2","564","±117","5.8%","±1.2","503","±124","4.2%","±1.0","218","±81","3.6%","±1.3","285","±78","4.8%","±1.3","867","±162","3.3%","±0.6","363","±87","2.8%","±0.7","504","±125","3.8%","±0.9","898","±149","3.9%","±0.6","338","±97","2.9%","±0.8","560","±117","4.9%","±1.0","267","±79","5.3%","±1.6","170","±63","6.5%","±2.4","97","±48","3.9%","±2.0","2,449","±270","3.0%","±0.3","1,128","±195","2.7%","±0.5","1,321","±159","3.2%","±0.4","729","±104","3.6%","±0.5","306","±71","3.0%","±0.7","423","±71","4.2%","±0.7","355","±91","5.5%","±1.4","214","±43","6.5%","±1.3","141","±66","4.5%","±2.1","1,459","±207","3.5%","±0.5","629","±116","3.0%","±0.6","830","±147","3.9%","±0.7","939","±175","3.3%","±0.6","459","±108","3.3%","±0.8","480","±121","3.4%","±0.9"
"        80 to 84 years","136,907","±2,150","1.9%","±0.1","57,899","±1,423","1.7%","±0.1","79,008","±1,537","2.2%","±0.1","336","±97","2.3%","±0.7","125","±43","1.7%","±0.6","211","±79","2.9%","±1.1","245","±89","3.2%","±1.2","70","±44","1.9%","±1.2","175","±73","4.4%","±1.8","2,798","±363","4.4%","±0.6","1,260","±240","4.1%","±0.8","1,538","±227","4.7%","±0.7","372","±121","1.8%","±0.6","132","±51","1.3%","±0.5","240","±103","2.3%","±1.0","386","±130","2.0%","±0.7","147","±83","1.5%","±0.9","239","±107","2.4%","±1.1","308","±93","2.6%","±0.8","162","±77","2.7%","±1.3","146","±62","2.5%","±1.0","410","±135","1.6%","±0.5","138","±71","1.1%","±0.5","272","±105","2.0%","±0.8","588","±142","2.5%","±0.6","214","±72","1.8%","±0.6","374","±115","3.3%","±1.0","199","±77","3.9%","±1.5","37","±40","1.4%","±1.5","162","±54","6.6%","±2.2","1,742","±241","2.1%","±0.3","637","±155","1.5%","±0.4","1,105","±167","2.7%","±0.4","247","±70","1.2%","±0.3","148","±59","1.4%","±0.6","99","±41","1.0%","±0.4","170","±62","2.6%","±1.0","24","±17","0.7%","±0.5","146","±56","4.6%","±1.8","837","±190","2.0%","±0.4","343","±97","1.6%","±0.5","494","±140","2.3%","±0.7","991","±235","3.5%","±0.8","405","±128","2.9%","±0.9","586","±185","4.1%","±1.3"
"        85 years and over","114,497","±2,977","1.6%","±0.1","40,612","±1,600","1.2%","±0.1","73,885","±1,811","2.1%","±0.1","283","±103","1.9%","±0.7","119","±70","1.6%","±0.9","164","±62","2.3%","±0.8","171","±82","2.2%","±1.1","98","±56","2.6%","±1.5","73","±62","1.9%","±1.6","1,684","±426","2.6%","±0.7","757","±245","2.4%","±0.8","927","±225","2.8%","±0.7","412","±107","2.0%","±0.5","113","±53","1.1%","±0.5","299","±92","2.8%","±0.9","491","±173","2.5%","±0.9","272","±143","2.9%","±1.5","219","±109","2.2%","±1.1","221","±85","1.8%","±0.7","110","±71","1.8%","±1.2","111","±54","1.9%","±0.9","300","±144","1.1%","±0.5","135","±75","1.0%","±0.6","165","±104","1.2%","±0.8","335","±102","1.5%","±0.4","239","±95","2.1%","±0.8","96","±42","0.8%","±0.4","150","±85","3.0%","±1.7","86","±61","3.3%","±2.3","64","±38","2.6%","±1.5","1,283","±226","1.6%","±0.3","605","±165","1.5%","±0.4","678","±136","1.6%","±0.3","325","±96","1.6%","±0.5","130","±70","1.3%","±0.7","195","±69","1.9%","±0.7","96","±64","1.5%","±1.0","44","±28","1.3%","±0.8","52","±54","1.7%","±1.7","714","±212","1.7%","±0.5","261","±96","1.2%","±0.5","453","±155","2.1%","±0.7","401","±197","1.4%","±0.7","147","±94","1.1%","±0.7","254","±160","1.8%","±1.1"
"    SELECTED AGE CATEGORIES","","","","","","","","","","","","","","","","","","","","","","","","","","","","","","","","","","","","","","","","","","","","","","","","","","","","","","","","","","","","","","","","","","","","","","","","","","","","","","","","","","","","","","","","","","","","","","","","","","","","","","","","","","","","","","","","","","","","","","","","","","","","","","","","","","","","","","","","","","","","","","","","","","","","","","","","","","","","","","","","","","","","","","","","","","","","","","","","","","","",""
"        5 to 14 years","877,594","±1,108","12.4%","±0.1","450,064","±805","13.0%","±0.1","427,530","±871","11.9%","±0.1","1,866","±166","12.6%","±1.1","1,058","±123","14.0%","±1.6","808","±74","11.1%","±0.9","776","±20","10.1%","±0.6","383","±20","10.3%","±0.2","393","±20","10.0%","±0.2","6,089","±160","9.6%","±0.3","3,148","±189","10.2%","±0.5","2,941","±237","9.0%","±0.7","2,295","±96","10.9%","±0.5","1,165","±64","11.1%","±0.6","1,130","±71","10.8%","±0.6","2,238","±51","11.6%","±0.3","1,140","±44","12.0%","±0.5","1,098","±37","11.2%","±0.4","1,278","±53","10.6%","±0.4","626","±36","10.3%","±0.6","652","±57","11.0%","±0.9","3,895","±84","14.8%","±0.3","2,005","±97","15.5%","±0.6","1,890","±117","14.2%","±0.8","2,716","±43","11.8%","±0.2","1,406","±29","12.1%","±0.3","1,310","±42","11.4%","±0.4","492","±31","9.7%","±0.6","228","±9","8.7%","±0.3","264","±25","10.7%","±1.1","9,527","±187","11.5%","±0.2","4,828","±104","11.7%","±0.3","4,699","±142","11.4%","±0.3","2,547","±75","12.5%","±0.4","1,344","±68","13.1%","±0.6","1,203","±56","11.9%","±0.5","714","±21","11.1%","±0.3","393","±23","12.0%","±0.7","321","±4","10.2%","±0.3","5,608","±177","13.3%","±0.4","2,827","±111","13.4%","±0.5","2,781","±167","13.2%","±0.7","3,440","±108","12.2%","±0.4","1,771","±139","12.7%","±0.9","1,669","±82","11.7%","±0.5"
"        15 to 17 years","278,451","±759","3.9%","±0.1","142,348","±904","4.1%","±0.1","136,103","±727","3.8%","±0.1","649","±142","4.4%","±1.0","399","±141","5.3%","±1.8","250","±20","3.4%","±0.3","344","±42","4.5%","±0.6","176","±38","4.7%","±1.0","168","±52","4.3%","±1.3","1,822","±99","2.9%","±0.2","916","±24","3.0%","±0.1","906","±91","2.8%","±0.3","727","±50","3.5%","±0.2","377","±49","3.6%","±0.5","350","±16","3.3%","±0.2","666","±13","3.4%","±0.1","376","±141","3.9%","±1.4","290","±142","3.0%","±1.4","374","±19","3.1%","±0.2","189","±9","3.1%","±0.2","185","±17","3.1%","±0.3","1,030","±62","3.9%","±0.2","519","±61","4.0%","±0.4","511","±39","3.8%","±0.3","892","±25","3.9%","±0.1","483","±23","4.2%","±0.2","409","±11","3.6%","±0.1","180","±12","3.5%","±0.2","143","±34","5.5%","±1.2","37","±34","1.5%","±1.4","3,171","±155","3.8%","±0.2","1,478","±121","3.6%","±0.3","1,693","±154","4.1%","±0.4","905","±60","4.4%","±0.3","463","±53","4.5%","±0.5","442","±51","4.4%","±0.5","244","±22","3.8%","±0.3","204","±44","6.2%","±1.3","40","±43","1.3%","±1.3","1,727","±154","4.1%","±0.4","925","±130","4.4%","±0.6","802","±108","3.8%","±0.5","1,120","±76","4.0%","±0.3","512","±24","3.7%","±0.2","608","±68","4.3%","±0.5"
"        Under 18 years","1,566,969","±537","22.2%","±0.1","802,929","±1,319","23.2%","±0.1","764,040","±1,396","21.2%","±0.1","3,372","±110","22.8%","±0.7","1,900","±132","25.1%","±1.5","1,472","±80","20.3%","±1.0","1,443","±42","18.8%","±0.6","699","±55","18.7%","±1.3","744","±71","18.9%","±1.8","10,622","±45","16.7%","±0.1","5,308","±205","17.1%","±0.5","5,314","±198","16.3%","±0.5","4,557","±63","21.7%","±0.3","2,319","±168","22.2%","±1.3","2,238","±177","21.3%","±1.4","3,935","±29","20.4%","±0.1","2,034","±145","21.3%","±1.2","1,901","±145","19.4%","±1.2","2,200","±68","18.3%","±0.6","1,087","±31","17.9%","±0.6","1,113","±62","18.7%","±0.8","6,583","±64","25.1%","±0.2","3,360","±154","25.9%","±0.9","3,223","±140","24.3%","±0.9","4,758","±29","20.6%","±0.1","2,466","±33","21.2%","±0.3","2,292","±41","20.0%","±0.4","878","±39","17.3%","±0.8","519","±58","19.8%","±1.9","359","±60","14.6%","±2.2","17,224","±32","20.9%","±0.1","8,721","±120","21.2%","±0.2","8,503","±116","20.5%","±0.2","4,566","±44","22.4%","±0.2","2,407","±89","23.4%","±0.7","2,159","±83","21.4%","±0.6","1,303","±31","20.2%","±0.5","781","±53","23.8%","±1.4","522","±42","16.6%","±1.1","9,818","±46","23.3%","±0.1","5,098","±179","24.2%","±0.6","4,720","±181","22.4%","±0.7","6,096","±40","21.6%","±0.1","3,109","±126","22.3%","±0.8","2,987","±127","21.0%","±0.7"
"        18 to 24 years","629,084","±1,492","8.9%","±0.1","318,717","±897","9.2%","±0.1","310,367","±1,020","8.6%","±0.1","973","±55","6.6%","±0.4","513","±44","6.8%","±0.6","460","±16","6.3%","±0.2","535","±143","7.0%","±1.9","249","±112","6.7%","±3.0","286","±67","7.3%","±1.7","3,582","±131","5.6%","±0.2","1,872","±96","6.0%","±0.3","1,710","±74","5.3%","±0.2","1,576","±118","7.5%","±0.6","849","±90","8.1%","±0.9","727","±79","6.9%","±0.8","1,397","±65","7.2%","±0.3","725","±36","7.6%","±0.4","672","±46","6.9%","±0.5","797","±74","6.6%","±0.6","456","±72","7.5%","±1.1","341","±6","5.7%","±0.1","1,986","±129","7.6%","±0.5","1,099","±120","8.5%","±0.9","887","±56","6.7%","±0.4","1,793","±52","7.8%","±0.2","1,025","±43","8.8%","±0.4","768","±26","6.7%","±0.2","348","±63","6.9%","±1.2","188","±7","7.2%","±0.3","160","±64","6.5%","±2.6","12,074","±298","14.6%","±0.4","6,641","±191","16.1%","±0.5","5,433","±212","13.1%","±0.5","1,472","±61","7.2%","±0.3","765","±42","7.4%","±0.4","707","±51","7.0%","±0.5","451","±79","7.0%","±1.2","224","±74","6.8%","±2.2","227","±30","7.2%","±0.9","3,243","±187","7.7%","±0.4","1,724","±172","8.2%","±0.8","1,519","±76","7.2%","±0.4","1,819","±48","6.5%","±0.2","959","±41","6.9%","±0.3","860","±21","6.1%","±0.2"
"        15 to 44 years","2,791,439","±1,615","39.5%","±0.1","1,395,492","±1,422","40.2%","±0.1","1,395,947","±1,312","38.8%","±0.1","5,452","±151","36.8%","±1.0","2,841","±146","37.5%","±1.5","2,611","±112","36.0%","±1.2","2,442","±95","31.8%","±1.2","1,195","±77","32.0%","±2.0","1,247","±55","31.6%","±1.1","17,535","±216","27.6%","±0.3","8,765","±113","28.3%","±0.4","8,770","±221","26.9%","±0.6","7,463","±157","35.6%","±0.7","3,885","±104","37.1%","±1.0","3,578","±117","34.1%","±1.2","6,136","±62","31.8%","±0.3","3,171","±165","33.3%","±1.2","2,965","±169","30.3%","±1.2","3,885","±70","32.3%","±0.6","2,045","±58","33.6%","±0.7","1,840","±44","31.0%","±0.6","9,859","±183","37.6%","±0.7","4,992","±72","38.5%","±0.6","4,867","±165","36.7%","±1.1","8,065","±77","35.0%","±0.3","4,262","±85","36.7%","±0.6","3,803","±82","33.2%","±0.6","1,487","±22","29.3%","±0.4","818","±37","31.2%","±1.2","669","±39","27.2%","±1.3","35,695","±314","43.2%","±0.4","18,809","±180","45.7%","±0.4","16,886","±264","40.8%","±0.6","7,516","±93","36.9%","±0.5","3,876","±74","37.6%","±0.6","3,640","±87","36.1%","±0.7","1,998","±40","31.0%","±0.6","1,080","±50","32.8%","±1.1","918","±59","29.2%","±1.4","15,685","±310","37.2%","±0.7","8,058","±219","38.2%","±0.9","7,627","±211","36.2%","±1.0","9,723","±128","34.5%","±0.5","4,837","±88","34.7%","±0.6","4,886","±129","34.4%","±0.8"
"        16 years and over","5,686,961","±2,435","80.5%","±0.1","2,760,506","±1,871","79.6%","±0.1","2,926,455","±1,814","81.3%","±0.1","11,850","±134","80.0%","±0.9","5,885","±123","77.8%","±1.7","5,965","±104","82.3%","±1.0","6,393","±65","83.4%","±0.8","3,154","±91","84.6%","±1.4","3,239","±101","82.2%","±1.9","54,116","±173","85.2%","±0.3","26,225","±170","84.6%","±0.6","27,891","±157","85.6%","±0.7","16,988","±79","81.1%","±0.4","8,476","±110","81.0%","±1.5","8,512","±124","81.1%","±1.6","15,960","±78","82.7%","±0.4","7,829","±164","82.1%","±0.6","8,131","±162","83.2%","±0.6","10,164","±76","84.5%","±0.6","5,187","±88","85.2%","±0.5","4,977","±54","83.8%","±1.0","20,471","±122","78.0%","±0.5","10,011","±131","77.2%","±1.1","10,460","±145","78.8%","±1.1","18,876","±94","81.8%","±0.4","9,489","±102","81.7%","±0.6","9,387","±112","81.9%","±0.6","4,265","±55","84.0%","±1.1","2,143","±41","81.7%","±2.2","2,122","±47","86.4%","±1.8","67,692","±279","82.0%","±0.3","33,520","±209","81.4%","±0.4","34,172","±199","82.6%","±0.5","16,429","±85","80.6%","±0.4","8,227","±67","79.9%","±0.7","8,202","±92","81.3%","±0.9","5,287","±57","82.1%","±0.9","2,651","±72","80.6%","±1.5","2,636","±46","83.7%","±1.0","33,623","±211","79.7%","±0.5","16,816","±186","79.8%","±0.5","16,807","±213","79.7%","±1.0","22,810","±138","81.0%","±0.5","11,170","±159","80.1%","±1.0","11,640","±173","81.9%","±0.9"
"        18 years and over","5,499,414","±535","77.8%","±0.1","2,664,805","±834","76.8%","±0.1","2,834,609","±840","78.8%","±0.1","11,446","±110","77.2%","±0.7","5,669","±104","74.9%","±1.5","5,777","±98","79.7%","±1.0","6,227","±42","81.2%","±0.6","3,031","±78","81.3%","±1.3","3,196","±106","81.1%","±1.8","52,931","±45","83.3%","±0.1","25,677","±128","82.9%","±0.5","27,254","±116","83.7%","±0.5","16,402","±63","78.3%","±0.3","8,147","±101","77.8%","±1.3","8,255","±107","78.7%","±1.4","15,374","±29","79.6%","±0.1","7,499","±80","78.7%","±1.2","7,875","±81","80.6%","±1.2","9,829","±68","81.7%","±0.6","5,002","±88","82.1%","±0.6","4,827","±51","81.3%","±0.8","19,657","±64","74.9%","±0.2","9,606","±114","74.1%","±0.9","10,051","±120","75.7%","±0.9","18,307","±29","79.4%","±0.1","9,142","±86","78.8%","±0.3","9,165","±93","80.0%","±0.4","4,201","±39","82.7%","±0.8","2,104","±27","80.2%","±1.9","2,097","±43","85.4%","±2.2","65,334","±32","79.1%","±0.1","32,459","±88","78.8%","±0.2","32,875","±83","79.5%","±0.2","15,823","±44","77.6%","±0.2","7,888","±68","76.6%","±0.7","7,935","±66","78.6%","±0.6","5,134","±31","79.8%","±0.5","2,507","±49","76.2%","±1.4","2,627","±45","83.4%","±1.1","32,348","±46","76.7%","±0.1","15,977","±126","75.8%","±0.6","16,371","±132","77.6%","±0.7","22,064","±40","78.4%","±0.1","10,843","±146","77.7%","±0.8","11,221","±139","79.0%","±0.7"
"        21 years and over","5,233,161","±2,880","74.1%","±0.1","2,528,572","±2,203","72.9%","±0.1","2,704,589","±2,366","75.2%","±0.1","11,053","±161","74.6%","±1.1","5,407","±143","71.4%","±2.0","5,646","±109","77.9%","±1.4","5,937","±131","77.4%","±1.7","2,932","±117","78.6%","±2.9","3,005","±141","76.3%","±2.9","51,271","±202","80.7%","±0.3","24,842","±201","80.2%","±0.7","26,429","±189","81.2%","±0.8","15,642","±191","74.6%","±0.9","7,759","±149","74.1%","±1.6","7,883","±156","75.1%","±1.7","14,747","±164","76.4%","±0.8","7,179","±119","75.3%","±1.6","7,568","±108","77.4%","±1.4","9,435","±125","78.4%","±1.0","4,719","±116","77.5%","±1.4","4,716","±83","79.4%","±1.3","18,902","±162","72.0%","±0.6","9,182","±172","70.8%","±1.4","9,720","±140","73.2%","±1.0","17,629","±92","76.4%","±0.4","8,752","±104","75.4%","±0.7","8,877","±105","77.5%","±0.6","4,093","±83","80.6%","±1.6","2,032","±63","77.5%","±2.8","2,061","±58","83.9%","±2.6","59,871","±380","72.5%","±0.5","29,465","±306","71.6%","±0.7","30,406","±202","73.5%","±0.5","15,257","±95","74.8%","±0.5","7,642","±84","74.2%","±0.8","7,615","±96","75.4%","±1.0","4,999","±45","77.7%","±0.7","2,440","±45","74.2%","±1.4","2,559","±54","81.3%","±1.4","31,049","±138","73.6%","±0.3","15,235","±195","72.3%","±0.8","15,814","±144","75.0%","±0.7","21,299","±157","75.6%","±0.6","10,408","±162","74.6%","±0.9","10,891","±166","76.7%","±1.0"
"        60 years and over","1,662,338","±4,088","23.5%","±0.1","759,572","±2,901","21.9%","±0.1","902,766","±3,135","25.1%","±0.1","3,588","±153","24.2%","±1.0","1,535","±96","20.3%","±1.4","2,053","±117","28.3%","±1.6","2,499","±117","32.6%","±1.5","1,175","±91","31.5%","±2.4","1,324","±81","33.6%","±1.9","25,874","±345","40.7%","±0.5","12,123","±239","39.1%","±0.8","13,751","±285","42.2%","±0.9","5,678","±262","27.1%","±1.2","2,667","±169","25.5%","±1.6","3,011","±181","28.7%","±1.8","6,235","±180","32.3%","±0.9","2,801","±174","29.4%","±1.9","3,434","±133","35.1%","±1.4","3,672","±184","30.5%","±1.5","1,815","±131","29.8%","±2.0","1,857","±104","31.3%","±1.7","5,582","±298","21.3%","±1.1","2,587","±170","20.0%","±1.3","2,995","±204","22.6%","±1.6","6,778","±269","29.4%","±1.2","3,165","±157","27.3%","±1.4","3,613","±165","31.5%","±1.4","1,859","±113","36.6%","±2.2","937","±66","35.7%","±2.7","922","±74","37.5%","±3.1","19,251","±409","23.3%","±0.5","8,675","±276","21.1%","±0.7","10,576","±289","25.6%","±0.7","4,905","±218","24.1%","±1.1","2,283","±137","22.2%","±1.3","2,622","±140","26.0%","±1.4","2,054","±108","31.9%","±1.7","901","±85","27.4%","±2.6","1,153","±65","36.6%","±2.3","10,388","±323","24.6%","±0.8","4,804","±254","22.8%","±1.2","5,584","±238","26.5%","±1.1","7,950","±336","28.2%","±1.2","3,852","±229","27.6%","±1.6","4,098","±204","28.8%","±1.4"
"        62 years and over","1,477,076","±3,438","20.9%","±0.1","669,443","±2,362","19.3%","±0.1","807,633","±2,508","22.4%","±0.1","3,075","±158","20.8%","±1.1","1,389","±75","18.4%","±1.1","1,686","±125","23.3%","±1.8","2,371","±118","30.9%","±1.5","1,129","±89","30.3%","±2.3","1,242","±82","31.5%","±1.9","24,206","±370","38.1%","±0.6","11,387","±224","36.8%","±0.8","12,819","±272","39.4%","±0.9","4,910","±234","23.4%","±1.1","2,288","±135","21.9%","±1.3","2,622","±163","25.0%","±1.6","5,694","±225","29.5%","±1.2","2,621","±180","27.5%","±1.9","3,073","±195","31.4%","±1.9","3,381","±151","28.1%","±1.3","1,674","±109","27.5%","±1.7","1,707","±99","28.7%","±1.6","4,770","±209","18.2%","±0.8","2,103","±97","16.2%","±0.7","2,667","±184","20.1%","±1.4","5,984","±245","25.9%","±1.1","2,772","±138","23.9%","±1.2","3,212","±196","28.0%","±1.7","1,698","±122","33.4%","±2.4","859","±72","32.7%","±2.9","839","±74","34.2%","±3.1","16,770","±430","20.3%","±0.5","7,547","±279","18.3%","±0.7","9,223","±295","22.3%","±0.7","4,311","±198","21.1%","±1.0","1,982","±107","19.3%","±1.1","2,329","±143","23.1%","±1.4","1,772","±98","27.5%","±1.5","826","±68","25.1%","±2.1","946","±62","30.0%","±2.1","9,121","±308","21.6%","±0.7","4,343","±240","20.6%","±1.1","4,778","±151","22.7%","±0.8","7,348","±357","26.1%","±1.3","3,608","±257","25.9%","±1.8","3,740","±193","26.3%","±1.3"
"        65 years and over","1,205,947","±1,102","17.1%","±0.1","540,687","±700","15.6%","±0.1","665,260","±790","18.5%","±0.1","2,625","±35","17.7%","±0.2","1,184","±26","15.6%","±0.4","1,441","±24","19.9%","±0.5","1,914","±37","25.0%","±0.5","867","±33","23.2%","±0.8","1,047","±39","26.6%","±0.7","20,603","±148","32.4%","±0.2","9,868","±127","31.8%","±0.4","10,735","±81","33.0%","±0.4","3,933","±114","18.8%","±0.5","1,831","±59","17.5%","±0.6","2,102","±88","20.0%","±0.9","4,498","±58","23.3%","±0.3","2,077","±55","21.8%","±0.6","2,421","±41","24.8%","±0.6","2,802","±31","23.3%","±0.3","1,351","±47","22.2%","±0.6","1,451","±38","24.4%","±0.5","4,039","±84","15.4%","±0.3","1,792","±11","13.8%","±0.2","2,247","±83","16.9%","±0.7","4,735","±72","20.5%","±0.3","2,199","±49","18.9%","±0.4","2,536","±67","22.1%","±0.6","1,421","±21","28.0%","±0.4","700","±20","26.7%","±0.9","721","±6","29.4%","±0.6","13,623","±150","16.5%","±0.2","6,061","±126","14.7%","±0.3","7,562","±103","18.3%","±0.2","3,399","±42","16.7%","±0.2","1,629","±32","15.8%","±0.3","1,770","±22","17.5%","±0.3","1,545","±34","24.0%","±0.5","729","±17","22.2%","±0.5","816","±27","25.9%","±1.0","7,552","±179","17.9%","±0.4","3,369","±96","16.0%","±0.5","4,183","±110","19.8%","±0.5","5,979","±95","21.2%","±0.3","2,791","±99","20.0%","±0.6","3,188","±102","22.4%","±0.6"
"        75 years and over","476,760","±859","6.7%","±0.1","200,923","±563","5.8%","±0.1","275,837","±577","7.7%","±0.1","1,045","±6","7.1%","±0.1","443","±22","5.9%","±0.1","602","±6","8.3%","±0.1","820","±33","10.7%","±0.4","369","±33","9.9%","±0.8","451","±3","11.4%","±0.3","8,604","±102","13.5%","±0.2","4,197","±63","13.5%","±0.2","4,407","±67","13.5%","±0.2","1,500","±54","7.2%","±0.3","657","±27","6.3%","±0.3","843","±29","8.0%","±0.3","1,778","±39","9.2%","±0.2","756","±19","7.9%","±0.2","1,022","±42","10.5%","±0.4","1,032","±9","8.6%","±0.1","490","±22","8.0%","±0.1","542","±9","9.1%","±0.2","1,577","±61","6.0%","±0.2","636","±11","4.9%","±0.1","941","±60","7.1%","±0.5","1,821","±27","7.9%","±0.1","791","±7","6.8%","±0.1","1,030","±26","9.0%","±0.2","616","±11","12.1%","±0.2","293","±9","11.2%","±0.4","323","±6","13.2%","±0.3","5,474","±128","6.6%","±0.2","2,370","±121","5.8%","±0.3","3,104","±57","7.5%","±0.1","1,301","±33","6.4%","±0.2","584","±25","5.7%","±0.2","717","±20","7.1%","±0.2","621","±33","9.6%","±0.5","282","±17","8.6%","±0.5","339","±25","10.8%","±0.8","3,010","±108","7.1%","±0.3","1,233","±33","5.9%","±0.2","1,777","±99","8.4%","±0.5","2,331","±68","8.3%","±0.2","1,011","±37","7.2%","±0.3","1,320","±49","9.3%","±0.3"
"    SUMMARY INDICATORS","","","","","","","","","","","","","","","","","","","","","","","","","","","","","","","","","","","","","","","","","","","","","","","","","","","","","","","","","","","","","","","","","","","","","","","","","","","","","","","","","","","","","","","","","","","","","","","","","","","","","","","","","","","","","","","","","","","","","","","","","","","","","","","","","","","","","","","","","","","","","","","","","","","","","","","","","","","","","","","","","","","","","","","","","","","","","","","","","","","",""
"        Median age (years)","38.9","±0.1","(X)","(X)","37.7","±0.2","(X)","(X)","40.0","±0.1","(X)","(X)","40.0","±1.1","(X)","(X)","38.0","±0.8","(X)","(X)","42.2","±1.2","(X)","(X)","48.5","±1.3","(X)","(X)","48.0","±2.2","(X)","(X)","49.0","±1.5","(X)","(X)","53.5","±0.4","(X)","(X)","52.7","±0.4","(X)","(X)","54.3","±0.6","(X)","(X)","41.9","±1.1","(X)","(X)","39.4","±2.0","(X)","(X)","44.1","±2.0","(X)","(X)","46.9","±0.4","(X)","(X)","43.2","±2.2","(X)","(X)","48.2","±0.8","(X)","(X)","46.9","±1.2","(X)","(X)","46.6","±2.1","(X)","(X)","47.0","±2.4","(X)","(X)","39.2","±0.6","(X)","(X)","38.1","±1.3","(X)","(X)","40.0","±1.6","(X)","(X)","43.7","±0.5","(X)","(X)","42.4","±1.4","(X)","(X)","45.3","±0.6","(X)","(X)","51.6","±0.7","(X)","(X)","49.5","±2.0","(X)","(X)","54.2","±1.1","(X)","(X)","36.0","±0.4","(X)","(X)","33.5","±0.4","(X)","(X)","39.3","±0.5","(X)","(X)","40.6","±0.4","(X)","(X)","40.0","±0.6","(X)","(X)","41.7","±1.2","(X)","(X)","47.2","±0.5","(X)","(X)","44.6","±1.7","(X)","(X)","49.3","±1.5","(X)","(X)","39.8","±0.7","(X)","(X)","38.4","±1.4","(X)","(X)","40.6","±0.7","(X)","(X)","43.5","±0.6","(X)","(X)","42.7","±1.7","(X)","(X)","44.4","±0.6","(X)","(X)"
"        Sex ratio (males per 100 females)","96.4","±0.1","(X)","(X)","(X)","(X)","(X)","(X)","(X)","(X)","(X)","(X)","104.4","±3.2","(X)","(X)","(X)","(X)","(X)","(X)","(X)","(X)","(X)","(X)","94.7","±4.2","(X)","(X)","(X)","(X)","(X)","(X)","(X)","(X)","(X)","(X)","95.1","±1.5","(X)","(X)","(X)","(X)","(X)","(X)","(X)","(X)","(X)","(X)","99.7","±3.4","(X)","(X)","(X)","(X)","(X)","(X)","(X)","(X)","(X)","(X)","97.5","±3.5","(X)","(X)","(X)","(X)","(X)","(X)","(X)","(X)","(X)","(X)","102.5","±2.9","(X)","(X)","(X)","(X)","(X)","(X)","(X)","(X)","(X)","(X)","97.7","±2.6","(X)","(X)","(X)","(X)","(X)","(X)","(X)","(X)","(X)","(X)","101.3","±1.5","(X)","(X)","(X)","(X)","(X)","(X)","(X)","(X)","(X)","(X)","106.8","±4.3","(X)","(X)","(X)","(X)","(X)","(X)","(X)","(X)","(X)","(X)","99.5","±0.7","(X)","(X)","(X)","(X)","(X)","(X)","(X)","(X)","(X)","(X)","102.0","±2.3","(X)","(X)","(X)","(X)","(X)","(X)","(X)","(X)","(X)","(X)","104.4","±4.0","(X)","(X)","(X)","(X)","(X)","(X)","(X)","(X)","(X)","(X)","99.9","±2.2","(X)","(X)","(X)","(X)","(X)","(X)","(X)","(X)","(X)","(X)","98.2","±2.6","(X)","(X)","(X)","(X)","(X)","(X)","(X)","(X)","(X)","(X)"
"        Age dependency ratio","64.6","±0.1","(X)","(X)","(X)","(X)","(X)","(X)","(X)","(X)","(X)","(X)","68.0","±2.1","(X)","(X)","(X)","(X)","(X)","(X)","(X)","(X)","(X)","(X)","77.8","±2.1","(X)","(X)","(X)","(X)","(X)","(X)","(X)","(X)","(X)","(X)","96.6","±0.9","(X)","(X)","(X)","(X)","(X)","(X)","(X)","(X)","(X)","(X)","68.1","±1.6","(X)","(X)","(X)","(X)","(X)","(X)","(X)","(X)","(X)","(X)","77.5","±0.9","(X)","(X)","(X)","(X)","(X)","(X)","(X)","(X)","(X)","(X)","71.2","±1.9","(X)","(X)","(X)","(X)","(X)","(X)","(X)","(X)","(X)","(X)","68.0","±1.2","(X)","(X)","(X)","(X)","(X)","(X)","(X)","(X)","(X)","(X)","69.9","±1.0","(X)","(X)","(X)","(X)","(X)","(X)","(X)","(X)","(X)","(X)","82.7","±2.5","(X)","(X)","(X)","(X)","(X)","(X)","(X)","(X)","(X)","(X)","59.7","±0.5","(X)","(X)","(X)","(X)","(X)","(X)","(X)","(X)","(X)","(X)","64.1","±0.8","(X)","(X)","(X)","(X)","(X)","(X)","(X)","(X)","(X)","(X)","79.4","±2.3","(X)","(X)","(X)","(X)","(X)","(X)","(X)","(X)","(X)","(X)","70.1","±1.2","(X)","(X)","(X)","(X)","(X)","(X)","(X)","(X)","(X)","(X)","75.1","±1.2","(X)","(X)","(X)","(X)","(X)","(X)","(X)","(X)","(X)","(X)"
"        Old-age dependency ratio","28.1","±0.1","(X)","(X)","(X)","(X)","(X)","(X)","(X)","(X)","(X)","(X)","29.8","±0.6","(X)","(X)","(X)","(X)","(X)","(X)","(X)","(X)","(X)","(X)","44.4","±1.2","(X)","(X)","(X)","(X)","(X)","(X)","(X)","(X)","(X)","(X)","63.7","±0.7","(X)","(X)","(X)","(X)","(X)","(X)","(X)","(X)","(X)","(X)","31.5","±1.2","(X)","(X)","(X)","(X)","(X)","(X)","(X)","(X)","(X)","(X)","41.4","±0.7","(X)","(X)","(X)","(X)","(X)","(X)","(X)","(X)","(X)","(X)","39.9","±0.7","(X)","(X)","(X)","(X)","(X)","(X)","(X)","(X)","(X)","(X)","25.9","±0.7","(X)","(X)","(X)","(X)","(X)","(X)","(X)","(X)","(X)","(X)","34.9","±0.7","(X)","(X)","(X)","(X)","(X)","(X)","(X)","(X)","(X)","(X)","51.1","±1.1","(X)","(X)","(X)","(X)","(X)","(X)","(X)","(X)","(X)","(X)","26.3","±0.4","(X)","(X)","(X)","(X)","(X)","(X)","(X)","(X)","(X)","(X)","27.4","±0.4","(X)","(X)","(X)","(X)","(X)","(X)","(X)","(X)","(X)","(X)","43.0","±1.4","(X)","(X)","(X)","(X)","(X)","(X)","(X)","(X)","(X)","(X)","30.5","±0.9","(X)","(X)","(X)","(X)","(X)","(X)","(X)","(X)","(X)","(X)","37.2","±0.8","(X)","(X)","(X)","(X)","(X)","(X)","(X)","(X)","(X)","(X)"
"        Child dependency ratio","36.5","±0.1","(X)","(X)","(X)","(X)","(X)","(X)","(X)","(X)","(X)","(X)","38.2","±1.7","(X)","(X)","(X)","(X)","(X)","(X)","(X)","(X)","(X)","(X)","33.5","±1.3","(X)","(X)","(X)","(X)","(X)","(X)","(X)","(X)","(X)","(X)","32.9","±0.2","(X)","(X)","(X)","(X)","(X)","(X)","(X)","(X)","(X)","(X)","36.5","±0.7","(X)","(X)","(X)","(X)","(X)","(X)","(X)","(X)","(X)","(X)","36.2","±0.3","(X)","(X)","(X)","(X)","(X)","(X)","(X)","(X)","(X)","(X)","31.3","±1.3","(X)","(X)","(X)","(X)","(X)","(X)","(X)","(X)","(X)","(X)","42.2","±0.7","(X)","(X)","(X)","(X)","(X)","(X)","(X)","(X)","(X)","(X)","35.1","±0.4","(X)","(X)","(X)","(X)","(X)","(X)","(X)","(X)","(X)","(X)","31.6","±1.8","(X)","(X)","(X)","(X)","(X)","(X)","(X)","(X)","(X)","(X)","33.3","±0.1","(X)","(X)","(X)","(X)","(X)","(X)","(X)","(X)","(X)","(X)","36.8","±0.5","(X)","(X)","(X)","(X)","(X)","(X)","(X)","(X)","(X)","(X)","36.3","±1.2","(X)","(X)","(X)","(X)","(X)","(X)","(X)","(X)","(X)","(X)","39.6","±0.3","(X)","(X)","(X)","(X)","(X)","(X)","(X)","(X)","(X)","(X)","37.9","±0.5","(X)","(X)","(X)","(X)","(X)","(X)","(X)","(X)","(X)","(X)"
"    PERCENT ALLOCATED","","","","","","","","","","","","","","","","","","","","","","","","","","","","","","","","","","","","","","","","","","","","","","","","","","","","","","","","","","","","","","","","","","","","","","","","","","","","","","","","","","","","","","","","","","","","","","","","","","","","","","","","","","","","","","","","","","","","","","","","","","","","","","","","","","","","","","","","","","","","","","","","","","","","","","","","","","","","","","","","","","","","","","","","","","","","","","","","","","","",""
"        Sex","(X)","(X)","0.0%","(X)","(X)","(X)","(X)","(X)","(X)","(X)","(X)","(X)","(X)","(X)","0.0%","(X)","(X)","(X)","(X)","(X)","(X)","(X)","(X)","(X)","(X)","(X)","0.0%","(X)","(X)","(X)","(X)","(X)","(X)","(X)","(X)","(X)","(X)","(X)","0.1%","(X)","(X)","(X)","(X)","(X)","(X)","(X)","(X)","(X)","(X)","(X)","0.0%","(X)","(X)","(X)","(X)","(X)","(X)","(X)","(X)","(X)","(X)","(X)","0.1%","(X)","(X)","(X)","(X)","(X)","(X)","(X)","(X)","(X)","(X)","(X)","0.0%","(X)","(X)","(X)","(X)","(X)","(X)","(X)","(X)","(X)","(X)","(X)","0.0%","(X)","(X)","(X)","(X)","(X)","(X)","(X)","(X)","(X)","(X)","(X)","0.1%","(X)","(X)","(X)","(X)","(X)","(X)","(X)","(X)","(X)","(X)","(X)","0.0%","(X)","(X)","(X)","(X)","(X)","(X)","(X)","(X)","(X)","(X)","(X)","0.0%","(X)","(X)","(X)","(X)","(X)","(X)","(X)","(X)","(X)","(X)","(X)","0.1%","(X)","(X)","(X)","(X)","(X)","(X)","(X)","(X)","(X)","(X)","(X)","0.0%","(X)","(X)","(X)","(X)","(X)","(X)","(X)","(X)","(X)","(X)","(X)","0.0%","(X)","(X)","(X)","(X)","(X)","(X)","(X)","(X)","(X)","(X)","(X)","0.2%","(X)","(X)","(X)","(X)","(X)","(X)","(X)","(X)","(X)"
"        Age","(X)","(X)","1.6%","(X)","(X)","(X)","(X)","(X)","(X)","(X)","(X)","(X)","(X)","(X)","0.4%","(X)","(X)","(X)","(X)","(X)","(X)","(X)","(X)","(X)","(X)","(X)","0.3%","(X)","(X)","(X)","(X)","(X)","(X)","(X)","(X)","(X)","(X)","(X)","0.7%","(X)","(X)","(X)","(X)","(X)","(X)","(X)","(X)","(X)","(X)","(X)","1.0%","(X)","(X)","(X)","(X)","(X)","(X)","(X)","(X)","(X)","(X)","(X)","0.7%","(X)","(X)","(X)","(X)","(X)","(X)","(X)","(X)","(X)","(X)","(X)","1.2%","(X)","(X)","(X)","(X)","(X)","(X)","(X)","(X)","(X)","(X)","(X)","0.9%","(X)","(X)","(X)","(X)","(X)","(X)","(X)","(X)","(X)","(X)","(X)","2.8%","(X)","(X)","(X)","(X)","(X)","(X)","(X)","(X)","(X)","(X)","(X)","0.6%","(X)","(X)","(X)","(X)","(X)","(X)","(X)","(X)","(X)","(X)","(X)","1.5%","(X)","(X)","(X)","(X)","(X)","(X)","(X)","(X)","(X)","(X)","(X)","1.8%","(X)","(X)","(X)","(X)","(X)","(X)","(X)","(X)","(X)","(X)","(X)","2.7%","(X)","(X)","(X)","(X)","(X)","(X)","(X)","(X)","(X)","(X)","(X)","1.1%","(X)","(X)","(X)","(X)","(X)","(X)","(X)","(X)","(X)","(X)","(X)","0.5%","(X)","(X)","(X)","(X)","(X)","(X)","(X)","(X)","(X)"